date,WWE_unscaled,WWE_monthly,isPartial,scale,WWE
2016-05-01,55,88.0,False,0.88,48.4
2016-05-02,100,88.0,,0.88,88.0
2016-05-03,46,88.0,,0.88,40.48
2016-05-04,32,88.0,,0.88,28.16
2016-05-05,31,88.0,,0.88,27.28
2016-05-06,38,88.0,,0.88,33.44
2016-05-07,39,88.0,,0.88,34.32
2016-05-08,38,88.0,,0.88,33.44
2016-05-09,32,88.0,,0.88,28.16
2016-05-10,43,88.0,,0.88,37.84
2016-05-11,32,88.0,,0.88,28.16
2016-05-12,32,88.0,,0.88,28.16
2016-05-13,35,88.0,,0.88,30.8
2016-05-14,36,88.0,,0.88,31.68
2016-05-15,39,88.0,,0.88,34.32
2016-05-16,33,88.0,,0.88,29.04
2016-05-17,42,88.0,,0.88,36.96
2016-05-18,31,88.0,,0.88,27.28
2016-05-19,29,88.0,,0.88,25.52
2016-05-20,31,88.0,,0.88,27.28
2016-05-21,37,88.0,,0.88,32.56
2016-05-22,52,88.0,,0.88,45.76
2016-05-23,83,88.0,,0.88,73.04
2016-05-24,50,88.0,,0.88,44.0
2016-05-25,36,88.0,,0.88,31.68
2016-05-26,36,88.0,,0.88,31.68
2016-05-27,39,88.0,,0.88,34.32
2016-05-28,37,88.0,,0.88,32.56
2016-05-29,37,88.0,,0.88,32.56
2016-05-30,41,88.0,,0.88,36.08
2016-05-31,51,88.0,,0.88,44.88
2016-06-01,34,83.0,False,0.83,28.22
2016-06-02,33,83.0,,0.83,27.389999999999997
2016-06-03,34,83.0,,0.83,28.22
2016-06-04,33,83.0,,0.83,27.389999999999997
2016-06-05,39,83.0,,0.83,32.37
2016-06-06,34,83.0,,0.83,28.22
2016-06-07,42,83.0,,0.83,34.86
2016-06-08,32,83.0,,0.83,26.56
2016-06-09,34,83.0,,0.83,28.22
2016-06-10,34,83.0,,0.83,28.22
2016-06-11,34,83.0,,0.83,28.22
2016-06-12,36,83.0,,0.83,29.88
2016-06-13,36,83.0,,0.83,29.88
2016-06-14,41,83.0,,0.83,34.03
2016-06-15,33,83.0,,0.83,27.389999999999997
2016-06-16,31,83.0,,0.83,25.73
2016-06-17,35,83.0,,0.83,29.049999999999997
2016-06-18,37,83.0,,0.83,30.709999999999997
2016-06-19,52,83.0,,0.83,43.16
2016-06-20,100,83.0,,0.83,83.0
2016-06-21,63,83.0,,0.83,52.29
2016-06-22,42,83.0,,0.83,34.86
2016-06-23,36,83.0,,0.83,29.88
2016-06-24,37,83.0,,0.83,30.709999999999997
2016-06-25,37,83.0,,0.83,30.709999999999997
2016-06-26,37,83.0,,0.83,30.709999999999997
2016-06-27,35,83.0,,0.83,29.049999999999997
2016-06-28,49,83.0,,0.83,40.669999999999995
2016-06-29,35,83.0,,0.83,29.049999999999997
2016-06-30,35,83.0,,0.83,29.049999999999997
2016-07-01,30,100.0,False,1.0,30.0
2016-07-02,29,100.0,,1.0,29.0
2016-07-03,31,100.0,,1.0,31.0
2016-07-04,32,100.0,,1.0,32.0
2016-07-05,37,100.0,,1.0,37.0
2016-07-06,30,100.0,,1.0,30.0
2016-07-07,28,100.0,,1.0,28.0
2016-07-08,30,100.0,,1.0,30.0
2016-07-09,30,100.0,,1.0,30.0
2016-07-10,36,100.0,,1.0,36.0
2016-07-11,31,100.0,,1.0,31.0
2016-07-12,39,100.0,,1.0,39.0
2016-07-13,29,100.0,,1.0,29.0
2016-07-14,30,100.0,,1.0,30.0
2016-07-15,32,100.0,,1.0,32.0
2016-07-16,32,100.0,,1.0,32.0
2016-07-17,36,100.0,,1.0,36.0
2016-07-18,36,100.0,,1.0,36.0
2016-07-19,55,100.0,,1.0,55.0
2016-07-20,100,100.0,,1.0,100.0
2016-07-21,38,100.0,,1.0,38.0
2016-07-22,34,100.0,,1.0,34.0
2016-07-23,35,100.0,,1.0,35.0
2016-07-24,47,100.0,,1.0,47.0
2016-07-25,90,100.0,,1.0,90.0
2016-07-26,62,100.0,,1.0,62.0
2016-07-27,44,100.0,,1.0,44.0
2016-07-28,33,100.0,,1.0,33.0
2016-07-29,31,100.0,,1.0,31.0
2016-07-30,34,100.0,,1.0,34.0
2016-07-31,33,100.0,,1.0,33.0
2016-08-01,29,93.0,False,0.93,26.970000000000002
2016-08-02,42,93.0,,0.93,39.06
2016-08-03,36,93.0,,0.93,33.480000000000004
2016-08-04,28,93.0,,0.93,26.040000000000003
2016-08-05,27,93.0,,0.93,25.110000000000003
2016-08-06,28,93.0,,0.93,26.040000000000003
2016-08-07,29,93.0,,0.93,26.970000000000002
2016-08-08,29,93.0,,0.93,26.970000000000002
2016-08-09,37,93.0,,0.93,34.410000000000004
2016-08-10,32,93.0,,0.93,29.76
2016-08-11,27,93.0,,0.93,25.110000000000003
2016-08-12,25,93.0,,0.93,23.25
2016-08-13,27,93.0,,0.93,25.110000000000003
2016-08-14,29,93.0,,0.93,26.970000000000002
2016-08-15,28,93.0,,0.93,26.040000000000003
2016-08-16,38,93.0,,0.93,35.34
2016-08-17,36,93.0,,0.93,33.480000000000004
2016-08-18,35,93.0,,0.93,32.550000000000004
2016-08-19,33,93.0,,0.93,30.69
2016-08-20,38,93.0,,0.93,35.34
2016-08-21,55,93.0,,0.93,51.150000000000006
2016-08-22,100,93.0,,0.93,93.0
2016-08-23,50,93.0,,0.93,46.5
2016-08-24,40,93.0,,0.93,37.2
2016-08-25,31,93.0,,0.93,28.830000000000002
2016-08-26,29,93.0,,0.93,26.970000000000002
2016-08-27,33,93.0,,0.93,30.69
2016-08-28,35,93.0,,0.93,32.550000000000004
2016-08-29,29,93.0,,0.93,26.970000000000002
2016-08-30,42,93.0,,0.93,39.06
2016-08-31,34,93.0,,0.93,31.62
2016-09-01,55,79.0,False,0.79,43.45
2016-09-02,54,79.0,,0.79,42.660000000000004
2016-09-03,62,79.0,,0.79,48.980000000000004
2016-09-04,64,79.0,,0.79,50.56
2016-09-05,67,79.0,,0.79,52.93
2016-09-06,77,79.0,,0.79,60.830000000000005
2016-09-07,62,79.0,,0.79,48.980000000000004
2016-09-08,52,79.0,,0.79,41.08
2016-09-09,56,79.0,,0.79,44.24
2016-09-10,67,79.0,,0.79,52.93
2016-09-11,79,79.0,,0.79,62.410000000000004
2016-09-12,100,79.0,,0.79,79.0
2016-09-13,73,79.0,,0.79,57.67
2016-09-14,63,79.0,,0.79,49.77
2016-09-15,55,79.0,,0.79,43.45
2016-09-16,51,79.0,,0.79,40.29
2016-09-17,60,79.0,,0.79,47.400000000000006
2016-09-18,59,79.0,,0.79,46.61
2016-09-19,50,79.0,,0.79,39.5
2016-09-20,67,79.0,,0.79,52.93
2016-09-21,56,79.0,,0.79,44.24
2016-09-22,48,79.0,,0.79,37.92
2016-09-23,49,79.0,,0.79,38.71
2016-09-24,58,79.0,,0.79,45.82
2016-09-25,71,79.0,,0.79,56.09
2016-09-26,91,79.0,,0.79,71.89
2016-09-27,66,79.0,,0.79,52.14
2016-09-28,57,79.0,,0.79,45.03
2016-09-29,48,79.0,,0.79,37.92
2016-09-30,51,79.0,,0.79,40.29
2016-10-01,62,82.0,False,0.82,50.839999999999996
2016-10-02,62,82.0,,0.82,50.839999999999996
2016-10-03,55,82.0,,0.82,45.099999999999994
2016-10-04,70,82.0,,0.82,57.4
2016-10-05,60,82.0,,0.82,49.199999999999996
2016-10-06,51,82.0,,0.82,41.82
2016-10-07,47,82.0,,0.82,38.54
2016-10-08,58,82.0,,0.82,47.559999999999995
2016-10-09,71,82.0,,0.82,58.22
2016-10-10,100,82.0,,0.82,82.0
2016-10-11,90,82.0,,0.82,73.8
2016-10-12,78,82.0,,0.82,63.959999999999994
2016-10-13,61,82.0,,0.82,50.019999999999996
2016-10-14,59,82.0,,0.82,48.379999999999995
2016-10-15,70,82.0,,0.82,57.4
2016-10-16,67,82.0,,0.82,54.94
2016-10-17,62,82.0,,0.82,50.839999999999996
2016-10-18,85,82.0,,0.82,69.7
2016-10-19,66,82.0,,0.82,54.12
2016-10-20,53,82.0,,0.82,43.46
2016-10-21,52,82.0,,0.82,42.64
2016-10-22,58,82.0,,0.82,47.559999999999995
2016-10-23,60,82.0,,0.82,49.199999999999996
2016-10-24,53,82.0,,0.82,43.46
2016-10-25,61,82.0,,0.82,50.019999999999996
2016-10-26,52,82.0,,0.82,42.64
2016-10-27,45,82.0,,0.82,36.9
2016-10-28,46,82.0,,0.82,37.72
2016-10-29,53,82.0,,0.82,43.46
2016-10-30,68,82.0,,0.82,55.76
2016-10-31,92,82.0,,0.82,75.44
2016-11-01,44,75.0,False,0.75,33.0
2016-11-02,33,75.0,,0.75,24.75
2016-11-03,29,75.0,,0.75,21.75
2016-11-04,28,75.0,,0.75,21.0
2016-11-05,32,75.0,,0.75,24.0
2016-11-06,32,75.0,,0.75,24.0
2016-11-07,27,75.0,,0.75,20.25
2016-11-08,35,75.0,,0.75,26.25
2016-11-09,27,75.0,,0.75,20.25
2016-11-10,30,75.0,,0.75,22.5
2016-11-11,29,75.0,,0.75,21.75
2016-11-12,33,75.0,,0.75,24.75
2016-11-13,35,75.0,,0.75,26.25
2016-11-14,32,75.0,,0.75,24.0
2016-11-15,41,75.0,,0.75,30.75
2016-11-16,42,75.0,,0.75,31.5
2016-11-17,31,75.0,,0.75,23.25
2016-11-18,30,75.0,,0.75,22.5
2016-11-19,38,75.0,,0.75,28.5
2016-11-20,52,75.0,,0.75,39.0
2016-11-21,100,75.0,,0.75,75.0
2016-11-22,53,75.0,,0.75,39.75
2016-11-23,43,75.0,,0.75,32.25
2016-11-24,41,75.0,,0.75,30.75
2016-11-25,39,75.0,,0.75,29.25
2016-11-26,37,75.0,,0.75,27.75
2016-11-27,37,75.0,,0.75,27.75
2016-11-28,30,75.0,,0.75,22.5
2016-11-29,42,75.0,,0.75,31.5
2016-11-30,38,75.0,,0.75,28.5
2016-12-01,46,81.0,False,0.81,37.260000000000005
2016-12-02,46,81.0,,0.81,37.260000000000005
2016-12-03,56,81.0,,0.81,45.36
2016-12-04,64,81.0,,0.81,51.84
2016-12-05,80,81.0,,0.81,64.80000000000001
2016-12-06,64,81.0,,0.81,51.84
2016-12-07,60,81.0,,0.81,48.6
2016-12-08,55,81.0,,0.81,44.550000000000004
2016-12-09,47,81.0,,0.81,38.07
2016-12-10,58,81.0,,0.81,46.980000000000004
2016-12-11,59,81.0,,0.81,47.790000000000006
2016-12-12,53,81.0,,0.81,42.93
2016-12-13,66,81.0,,0.81,53.46
2016-12-14,60,81.0,,0.81,48.6
2016-12-15,58,81.0,,0.81,46.980000000000004
2016-12-16,49,81.0,,0.81,39.690000000000005
2016-12-17,57,81.0,,0.81,46.17
2016-12-18,67,81.0,,0.81,54.27
2016-12-19,100,81.0,,0.81,81.0
2016-12-20,74,81.0,,0.81,59.940000000000005
2016-12-21,65,81.0,,0.81,52.650000000000006
2016-12-22,57,81.0,,0.81,46.17
2016-12-23,56,81.0,,0.81,45.36
2016-12-24,56,81.0,,0.81,45.36
2016-12-25,60,81.0,,0.81,48.6
2016-12-26,62,81.0,,0.81,50.220000000000006
2016-12-27,74,81.0,,0.81,59.940000000000005
2016-12-28,74,81.0,,0.81,59.940000000000005
2016-12-29,57,81.0,,0.81,46.17
2016-12-30,54,81.0,,0.81,43.74
2016-12-31,58,81.0,,0.81,46.980000000000004
2017-01-01,28,81.0,False,0.81,22.68
2017-01-02,31,81.0,,0.81,25.110000000000003
2017-01-03,37,81.0,,0.81,29.970000000000002
2017-01-04,31,81.0,,0.81,25.110000000000003
2017-01-05,28,81.0,,0.81,22.68
2017-01-06,24,81.0,,0.81,19.44
2017-01-07,30,81.0,,0.81,24.3
2017-01-08,31,81.0,,0.81,25.110000000000003
2017-01-09,27,81.0,,0.81,21.87
2017-01-10,37,81.0,,0.81,29.970000000000002
2017-01-11,31,81.0,,0.81,25.110000000000003
2017-01-12,26,81.0,,0.81,21.060000000000002
2017-01-13,25,81.0,,0.81,20.25
2017-01-14,31,81.0,,0.81,25.110000000000003
2017-01-15,33,81.0,,0.81,26.73
2017-01-16,34,81.0,,0.81,27.540000000000003
2017-01-17,38,81.0,,0.81,30.78
2017-01-18,32,81.0,,0.81,25.92
2017-01-19,26,81.0,,0.81,21.060000000000002
2017-01-20,26,81.0,,0.81,21.060000000000002
2017-01-21,31,81.0,,0.81,25.110000000000003
2017-01-22,30,81.0,,0.81,24.3
2017-01-23,28,81.0,,0.81,22.68
2017-01-24,37,81.0,,0.81,29.970000000000002
2017-01-25,31,81.0,,0.81,25.110000000000003
2017-01-26,27,81.0,,0.81,21.87
2017-01-27,28,81.0,,0.81,22.68
2017-01-28,34,81.0,,0.81,27.540000000000003
2017-01-29,61,81.0,,0.81,49.410000000000004
2017-01-30,100,81.0,,0.81,81.0
2017-01-31,44,81.0,,0.81,35.64
2017-02-01,60,74.0,False,0.74,44.4
2017-02-02,45,74.0,,0.74,33.3
2017-02-03,44,74.0,,0.74,32.56
2017-02-04,56,74.0,,0.74,41.44
2017-02-05,52,74.0,,0.74,38.48
2017-02-06,41,74.0,,0.74,30.34
2017-02-07,61,74.0,,0.74,45.14
2017-02-08,54,74.0,,0.74,39.96
2017-02-09,43,74.0,,0.74,31.82
2017-02-10,44,74.0,,0.74,32.56
2017-02-11,50,74.0,,0.74,37.0
2017-02-12,68,74.0,,0.74,50.32
2017-02-13,100,74.0,,0.74,74.0
2017-02-14,69,74.0,,0.74,51.06
2017-02-15,59,74.0,,0.74,43.66
2017-02-16,45,74.0,,0.74,33.3
2017-02-17,47,74.0,,0.74,34.78
2017-02-18,56,74.0,,0.74,41.44
2017-02-19,57,74.0,,0.74,42.18
2017-02-20,51,74.0,,0.74,37.74
2017-02-21,67,74.0,,0.74,49.58
2017-02-22,58,74.0,,0.74,42.92
2017-02-23,40,74.0,,0.74,29.6
2017-02-24,42,74.0,,0.74,31.08
2017-02-25,47,74.0,,0.74,34.78
2017-02-26,54,74.0,,0.74,39.96
2017-02-27,49,74.0,,0.74,36.26
2017-02-28,58,74.0,,0.74,42.92
2017-03-01,41,85.0,False,0.85,34.85
2017-03-02,32,85.0,,0.85,27.2
2017-03-03,31,85.0,,0.85,26.349999999999998
2017-03-04,41,85.0,,0.85,34.85
2017-03-05,53,85.0,,0.85,45.05
2017-03-06,100,85.0,,0.85,85.0
2017-03-07,51,85.0,,0.85,43.35
2017-03-08,41,85.0,,0.85,34.85
2017-03-09,33,85.0,,0.85,28.05
2017-03-10,31,85.0,,0.85,26.349999999999998
2017-03-11,39,85.0,,0.85,33.15
2017-03-12,41,85.0,,0.85,34.85
2017-03-13,36,85.0,,0.85,30.599999999999998
2017-03-14,50,85.0,,0.85,42.5
2017-03-15,43,85.0,,0.85,36.55
2017-03-16,32,85.0,,0.85,27.2
2017-03-17,44,85.0,,0.85,37.4
2017-03-18,84,85.0,,0.85,71.39999999999999
2017-03-19,65,85.0,,0.85,55.25
2017-03-20,61,85.0,,0.85,51.85
2017-03-21,70,85.0,,0.85,59.5
2017-03-22,57,85.0,,0.85,48.449999999999996
2017-03-23,46,85.0,,0.85,39.1
2017-03-24,43,85.0,,0.85,36.55
2017-03-25,47,85.0,,0.85,39.949999999999996
2017-03-26,48,85.0,,0.85,40.8
2017-03-27,43,85.0,,0.85,36.55
2017-03-28,61,85.0,,0.85,51.85
2017-03-29,53,85.0,,0.85,45.05
2017-03-30,45,85.0,,0.85,38.25
2017-03-31,48,85.0,,0.85,40.8
2017-04-01,36,89.0,False,0.89,32.04
2017-04-02,64,89.0,,0.89,56.96
2017-04-03,100,89.0,,0.89,89.0
2017-04-04,49,89.0,,0.89,43.61
2017-04-05,31,89.0,,0.89,27.59
2017-04-06,25,89.0,,0.89,22.25
2017-04-07,22,89.0,,0.89,19.580000000000002
2017-04-08,26,89.0,,0.89,23.14
2017-04-09,25,89.0,,0.89,22.25
2017-04-10,24,89.0,,0.89,21.36
2017-04-11,34,89.0,,0.89,30.26
2017-04-12,29,89.0,,0.89,25.81
2017-04-13,22,89.0,,0.89,19.580000000000002
2017-04-14,21,89.0,,0.89,18.69
2017-04-15,23,89.0,,0.89,20.47
2017-04-16,22,89.0,,0.89,19.580000000000002
2017-04-17,21,89.0,,0.89,18.69
2017-04-18,27,89.0,,0.89,24.03
2017-04-19,24,89.0,,0.89,21.36
2017-04-20,19,89.0,,0.89,16.91
2017-04-21,19,89.0,,0.89,16.91
2017-04-22,23,89.0,,0.89,20.47
2017-04-23,24,89.0,,0.89,21.36
2017-04-24,20,89.0,,0.89,17.8
2017-04-25,24,89.0,,0.89,21.36
2017-04-26,21,89.0,,0.89,18.69
2017-04-27,17,89.0,,0.89,15.13
2017-04-28,17,89.0,,0.89,15.13
2017-04-29,20,89.0,,0.89,17.8
2017-04-30,29,89.0,,0.89,25.81
2017-05-01,100,70.0,False,0.7,70.0
2017-05-02,65,70.0,,0.7,45.5
2017-05-03,54,70.0,,0.7,37.8
2017-05-04,52,70.0,,0.7,36.4
2017-05-05,52,70.0,,0.7,36.4
2017-05-06,55,70.0,,0.7,38.5
2017-05-07,54,70.0,,0.7,37.8
2017-05-08,47,70.0,,0.7,32.9
2017-05-09,55,70.0,,0.7,38.5
2017-05-10,50,70.0,,0.7,35.0
2017-05-11,44,70.0,,0.7,30.799999999999997
2017-05-12,43,70.0,,0.7,30.099999999999998
2017-05-13,49,70.0,,0.7,34.3
2017-05-14,52,70.0,,0.7,36.4
2017-05-15,46,70.0,,0.7,32.199999999999996
2017-05-16,58,70.0,,0.7,40.599999999999994
2017-05-17,47,70.0,,0.7,32.9
2017-05-18,39,70.0,,0.7,27.299999999999997
2017-05-19,41,70.0,,0.7,28.7
2017-05-20,49,70.0,,0.7,34.3
2017-05-21,72,70.0,,0.7,50.4
2017-05-22,83,70.0,,0.7,58.099999999999994
2017-05-23,58,70.0,,0.7,40.599999999999994
2017-05-24,51,70.0,,0.7,35.699999999999996
2017-05-25,42,70.0,,0.7,29.4
2017-05-26,44,70.0,,0.7,30.799999999999997
2017-05-27,46,70.0,,0.7,32.199999999999996
2017-05-28,50,70.0,,0.7,35.0
2017-05-29,53,70.0,,0.7,37.099999999999994
2017-05-30,59,70.0,,0.7,41.3
2017-05-31,57,70.0,,0.7,39.9
2017-06-01,46,72.0,False,0.72,33.12
2017-06-02,45,72.0,,0.72,32.4
2017-06-03,52,72.0,,0.72,37.44
2017-06-04,71,72.0,,0.72,51.12
2017-06-05,89,72.0,,0.72,64.08
2017-06-06,66,72.0,,0.72,47.519999999999996
2017-06-07,59,72.0,,0.72,42.48
2017-06-08,44,72.0,,0.72,31.68
2017-06-09,46,72.0,,0.72,33.12
2017-06-10,45,72.0,,0.72,32.4
2017-06-11,49,72.0,,0.72,35.28
2017-06-12,50,72.0,,0.72,36.0
2017-06-13,61,72.0,,0.72,43.92
2017-06-14,55,72.0,,0.72,39.6
2017-06-15,47,72.0,,0.72,33.839999999999996
2017-06-16,45,72.0,,0.72,32.4
2017-06-17,66,72.0,,0.72,47.519999999999996
2017-06-18,76,72.0,,0.72,54.72
2017-06-19,100,72.0,,0.72,72.0
2017-06-20,73,72.0,,0.72,52.559999999999995
2017-06-21,62,72.0,,0.72,44.64
2017-06-22,46,72.0,,0.72,33.12
2017-06-23,44,72.0,,0.72,31.68
2017-06-24,49,72.0,,0.72,35.28
2017-06-25,54,72.0,,0.72,38.879999999999995
2017-06-26,54,72.0,,0.72,38.879999999999995
2017-06-27,87,72.0,,0.72,62.64
2017-06-28,69,72.0,,0.72,49.68
2017-06-29,51,72.0,,0.72,36.72
2017-06-30,48,72.0,,0.72,34.56
2017-07-01,40,74.0,False,0.74,29.6
2017-07-02,53,74.0,,0.74,39.22
2017-07-03,53,74.0,,0.74,39.22
2017-07-04,64,74.0,,0.74,47.36
2017-07-05,58,74.0,,0.74,42.92
2017-07-06,47,74.0,,0.74,34.78
2017-07-07,42,74.0,,0.74,31.08
2017-07-08,54,74.0,,0.74,39.96
2017-07-09,67,74.0,,0.74,49.58
2017-07-10,100,74.0,,0.74,74.0
2017-07-11,66,74.0,,0.74,48.839999999999996
2017-07-12,53,74.0,,0.74,39.22
2017-07-13,43,74.0,,0.74,31.82
2017-07-14,45,74.0,,0.74,33.3
2017-07-15,45,74.0,,0.74,33.3
2017-07-16,50,74.0,,0.74,37.0
2017-07-17,47,74.0,,0.74,34.78
2017-07-18,69,74.0,,0.74,51.06
2017-07-19,53,74.0,,0.74,39.22
2017-07-20,45,74.0,,0.74,33.3
2017-07-21,40,74.0,,0.74,29.6
2017-07-22,42,74.0,,0.74,31.08
2017-07-23,62,74.0,,0.74,45.88
2017-07-24,91,74.0,,0.74,67.34
2017-07-25,62,74.0,,0.74,45.88
2017-07-26,52,74.0,,0.74,38.48
2017-07-27,43,74.0,,0.74,31.82
2017-07-28,41,74.0,,0.74,30.34
2017-07-29,42,74.0,,0.74,31.08
2017-07-30,45,74.0,,0.74,33.3
2017-07-31,43,74.0,,0.74,31.82
2017-08-01,53,70.0,False,0.7,37.099999999999994
2017-08-02,50,70.0,,0.7,35.0
2017-08-03,40,70.0,,0.7,28.0
2017-08-04,40,70.0,,0.7,28.0
2017-08-05,43,70.0,,0.7,30.099999999999998
2017-08-06,44,70.0,,0.7,30.799999999999997
2017-08-07,42,70.0,,0.7,29.4
2017-08-08,51,70.0,,0.7,35.699999999999996
2017-08-09,47,70.0,,0.7,32.9
2017-08-10,38,70.0,,0.7,26.599999999999998
2017-08-11,36,70.0,,0.7,25.2
2017-08-12,40,70.0,,0.7,28.0
2017-08-13,46,70.0,,0.7,32.199999999999996
2017-08-14,46,70.0,,0.7,32.199999999999996
2017-08-15,58,70.0,,0.7,40.599999999999994
2017-08-16,50,70.0,,0.7,35.0
2017-08-17,42,70.0,,0.7,29.4
2017-08-18,39,70.0,,0.7,27.299999999999997
2017-08-19,48,70.0,,0.7,33.599999999999994
2017-08-20,79,70.0,,0.7,55.3
2017-08-21,100,70.0,,0.7,70.0
2017-08-22,63,70.0,,0.7,44.099999999999994
2017-08-23,53,70.0,,0.7,37.099999999999994
2017-08-24,42,70.0,,0.7,29.4
2017-08-25,38,70.0,,0.7,26.599999999999998
2017-08-26,41,70.0,,0.7,28.7
2017-08-27,43,70.0,,0.7,30.099999999999998
2017-08-28,38,70.0,,0.7,26.599999999999998
2017-08-29,51,70.0,,0.7,35.699999999999996
2017-08-30,44,70.0,,0.7,30.799999999999997
2017-08-31,35,70.0,,0.7,24.5
2017-09-01,37,59.0,False,0.59,21.83
2017-09-02,41,59.0,,0.59,24.189999999999998
2017-09-03,47,59.0,,0.59,27.729999999999997
2017-09-04,46,59.0,,0.59,27.139999999999997
2017-09-05,57,59.0,,0.59,33.629999999999995
2017-09-06,49,59.0,,0.59,28.91
2017-09-07,36,59.0,,0.59,21.24
2017-09-08,35,59.0,,0.59,20.65
2017-09-09,39,59.0,,0.59,23.009999999999998
2017-09-10,41,59.0,,0.59,24.189999999999998
2017-09-11,37,59.0,,0.59,21.83
2017-09-12,52,59.0,,0.59,30.68
2017-09-13,48,59.0,,0.59,28.32
2017-09-14,39,59.0,,0.59,23.009999999999998
2017-09-15,37,59.0,,0.59,21.83
2017-09-16,41,59.0,,0.59,24.189999999999998
2017-09-17,45,59.0,,0.59,26.549999999999997
2017-09-18,44,59.0,,0.59,25.959999999999997
2017-09-19,57,59.0,,0.59,33.629999999999995
2017-09-20,48,59.0,,0.59,28.32
2017-09-21,39,59.0,,0.59,23.009999999999998
2017-09-22,37,59.0,,0.59,21.83
2017-09-23,45,59.0,,0.59,26.549999999999997
2017-09-24,64,59.0,,0.59,37.76
2017-09-25,100,59.0,,0.59,59.0
2017-09-26,61,59.0,,0.59,35.989999999999995
2017-09-27,47,59.0,,0.59,27.729999999999997
2017-09-28,39,59.0,,0.59,23.009999999999998
2017-09-29,35,59.0,,0.59,20.65
2017-09-30,42,59.0,,0.59,24.779999999999998
2017-10-01,46,72.0,False,0.72,33.12
2017-10-02,39,72.0,,0.72,28.08
2017-10-03,55,72.0,,0.72,39.6
2017-10-04,46,72.0,,0.72,33.12
2017-10-05,39,72.0,,0.72,28.08
2017-10-06,36,72.0,,0.72,25.919999999999998
2017-10-07,43,72.0,,0.72,30.959999999999997
2017-10-08,56,72.0,,0.72,40.32
2017-10-09,84,72.0,,0.72,60.48
2017-10-10,64,72.0,,0.72,46.08
2017-10-11,54,72.0,,0.72,38.879999999999995
2017-10-12,43,72.0,,0.72,30.959999999999997
2017-10-13,50,72.0,,0.72,36.0
2017-10-14,54,72.0,,0.72,38.879999999999995
2017-10-15,53,72.0,,0.72,38.16
2017-10-16,49,72.0,,0.72,35.28
2017-10-17,69,72.0,,0.72,49.68
2017-10-18,54,72.0,,0.72,38.879999999999995
2017-10-19,48,72.0,,0.72,34.56
2017-10-20,51,72.0,,0.72,36.72
2017-10-21,63,72.0,,0.72,45.36
2017-10-22,73,72.0,,0.72,52.559999999999995
2017-10-23,100,72.0,,0.72,72.0
2017-10-24,66,72.0,,0.72,47.519999999999996
2017-10-25,53,72.0,,0.72,38.16
2017-10-26,42,72.0,,0.72,30.24
2017-10-27,40,72.0,,0.72,28.799999999999997
2017-10-28,47,72.0,,0.72,33.839999999999996
2017-10-29,58,72.0,,0.72,41.76
2017-10-30,49,72.0,,0.72,35.28
2017-10-31,61,72.0,,0.72,43.92
2017-11-01,44,70.0,False,0.7,30.799999999999997
2017-11-02,35,70.0,,0.7,24.5
2017-11-03,36,70.0,,0.7,25.2
2017-11-04,43,70.0,,0.7,30.099999999999998
2017-11-05,43,70.0,,0.7,30.099999999999998
2017-11-06,41,70.0,,0.7,28.7
2017-11-07,52,70.0,,0.7,36.4
2017-11-08,49,70.0,,0.7,34.3
2017-11-09,39,70.0,,0.7,27.299999999999997
2017-11-10,38,70.0,,0.7,26.599999999999998
2017-11-11,44,70.0,,0.7,30.799999999999997
2017-11-12,42,70.0,,0.7,29.4
2017-11-13,40,70.0,,0.7,28.0
2017-11-14,55,70.0,,0.7,38.5
2017-11-15,50,70.0,,0.7,35.0
2017-11-16,40,70.0,,0.7,28.0
2017-11-17,37,70.0,,0.7,25.9
2017-11-18,45,70.0,,0.7,31.499999999999996
2017-11-19,62,70.0,,0.7,43.4
2017-11-20,100,70.0,,0.7,70.0
2017-11-21,73,70.0,,0.7,51.099999999999994
2017-11-22,58,70.0,,0.7,40.599999999999994
2017-11-23,49,70.0,,0.7,34.3
2017-11-24,47,70.0,,0.7,32.9
2017-11-25,47,70.0,,0.7,32.9
2017-11-26,49,70.0,,0.7,34.3
2017-11-27,39,70.0,,0.7,27.299999999999997
2017-11-28,53,70.0,,0.7,37.099999999999994
2017-11-29,44,70.0,,0.7,30.799999999999997
2017-11-30,35,70.0,,0.7,24.5
2017-12-01,52,65.0,False,0.65,33.800000000000004
2017-12-02,61,65.0,,0.65,39.65
2017-12-03,63,65.0,,0.65,40.95
2017-12-04,53,65.0,,0.65,34.45
2017-12-05,79,65.0,,0.65,51.35
2017-12-06,66,65.0,,0.65,42.9
2017-12-07,57,65.0,,0.65,37.050000000000004
2017-12-08,53,65.0,,0.65,34.45
2017-12-09,61,65.0,,0.65,39.65
2017-12-10,67,65.0,,0.65,43.550000000000004
2017-12-11,59,65.0,,0.65,38.35
2017-12-12,82,65.0,,0.65,53.300000000000004
2017-12-13,66,65.0,,0.65,42.9
2017-12-14,61,65.0,,0.65,39.65
2017-12-15,59,65.0,,0.65,38.35
2017-12-16,63,65.0,,0.65,40.95
2017-12-17,73,65.0,,0.65,47.45
2017-12-18,97,65.0,,0.65,63.050000000000004
2017-12-19,84,65.0,,0.65,54.6
2017-12-20,78,65.0,,0.65,50.7
2017-12-21,61,65.0,,0.65,39.65
2017-12-22,65,65.0,,0.65,42.25
2017-12-23,62,65.0,,0.65,40.300000000000004
2017-12-24,62,65.0,,0.65,40.300000000000004
2017-12-25,76,65.0,,0.65,49.4
2017-12-26,100,65.0,,0.65,65.0
2017-12-27,84,65.0,,0.65,54.6
2017-12-28,71,65.0,,0.65,46.15
2017-12-29,63,65.0,,0.65,40.95
2017-12-30,62,65.0,,0.65,40.300000000000004
2017-12-31,62,65.0,,0.65,40.300000000000004
2018-01-01,23,81.0,False,0.81,18.630000000000003
2018-01-02,30,81.0,,0.81,24.3
2018-01-03,27,81.0,,0.81,21.87
2018-01-04,23,81.0,,0.81,18.630000000000003
2018-01-05,21,81.0,,0.81,17.01
2018-01-06,23,81.0,,0.81,18.630000000000003
2018-01-07,24,81.0,,0.81,19.44
2018-01-08,22,81.0,,0.81,17.82
2018-01-09,28,81.0,,0.81,22.68
2018-01-10,25,81.0,,0.81,20.25
2018-01-11,22,81.0,,0.81,17.82
2018-01-12,23,81.0,,0.81,18.630000000000003
2018-01-13,32,81.0,,0.81,25.92
2018-01-14,28,81.0,,0.81,22.68
2018-01-15,28,81.0,,0.81,22.68
2018-01-16,34,81.0,,0.81,27.540000000000003
2018-01-17,29,81.0,,0.81,23.490000000000002
2018-01-18,24,81.0,,0.81,19.44
2018-01-19,22,81.0,,0.81,17.82
2018-01-20,25,81.0,,0.81,20.25
2018-01-21,25,81.0,,0.81,20.25
2018-01-22,27,81.0,,0.81,21.87
2018-01-23,53,81.0,,0.81,42.93
2018-01-24,32,81.0,,0.81,25.92
2018-01-25,27,81.0,,0.81,21.87
2018-01-26,24,81.0,,0.81,19.44
2018-01-27,30,81.0,,0.81,24.3
2018-01-28,48,81.0,,0.81,38.88
2018-01-29,100,81.0,,0.81,81.0
2018-01-30,41,81.0,,0.81,33.21
2018-01-31,30,81.0,,0.81,24.3
2018-02-01,46,67.0,False,0.67,30.82
2018-02-02,45,67.0,,0.67,30.150000000000002
2018-02-03,49,67.0,,0.67,32.830000000000005
2018-02-04,45,67.0,,0.67,30.150000000000002
2018-02-05,37,67.0,,0.67,24.790000000000003
2018-02-06,54,67.0,,0.67,36.18
2018-02-07,45,67.0,,0.67,30.150000000000002
2018-02-08,36,67.0,,0.67,24.12
2018-02-09,36,67.0,,0.67,24.12
2018-02-10,44,67.0,,0.67,29.48
2018-02-11,48,67.0,,0.67,32.160000000000004
2018-02-12,41,67.0,,0.67,27.470000000000002
2018-02-13,56,67.0,,0.67,37.52
2018-02-14,43,67.0,,0.67,28.810000000000002
2018-02-15,35,67.0,,0.67,23.450000000000003
2018-02-16,37,67.0,,0.67,24.790000000000003
2018-02-17,46,67.0,,0.67,30.82
2018-02-18,46,67.0,,0.67,30.82
2018-02-19,44,67.0,,0.67,29.48
2018-02-20,54,67.0,,0.67,36.18
2018-02-21,44,67.0,,0.67,29.48
2018-02-22,36,67.0,,0.67,24.12
2018-02-23,35,67.0,,0.67,23.450000000000003
2018-02-24,41,67.0,,0.67,27.470000000000002
2018-02-25,61,67.0,,0.67,40.870000000000005
2018-02-26,100,67.0,,0.67,67.0
2018-02-27,57,67.0,,0.67,38.190000000000005
2018-02-28,50,67.0,,0.67,33.5
2018-03-01,45,64.0,False,0.64,28.8
2018-03-02,44,64.0,,0.64,28.16
2018-03-03,51,64.0,,0.64,32.64
2018-03-04,59,64.0,,0.64,37.76
2018-03-05,50,64.0,,0.64,32.0
2018-03-06,66,64.0,,0.64,42.24
2018-03-07,55,64.0,,0.64,35.2
2018-03-08,45,64.0,,0.64,28.8
2018-03-09,44,64.0,,0.64,28.16
2018-03-10,51,64.0,,0.64,32.64
2018-03-11,72,64.0,,0.64,46.08
2018-03-12,100,64.0,,0.64,64.0
2018-03-13,71,64.0,,0.64,45.44
2018-03-14,57,64.0,,0.64,36.480000000000004
2018-03-15,45,64.0,,0.64,28.8
2018-03-16,45,64.0,,0.64,28.8
2018-03-17,50,64.0,,0.64,32.0
2018-03-18,55,64.0,,0.64,35.2
2018-03-19,47,64.0,,0.64,30.080000000000002
2018-03-20,70,64.0,,0.64,44.800000000000004
2018-03-21,61,64.0,,0.64,39.04
2018-03-22,46,64.0,,0.64,29.44
2018-03-23,44,64.0,,0.64,28.16
2018-03-24,51,64.0,,0.64,32.64
2018-03-25,55,64.0,,0.64,35.2
2018-03-26,52,64.0,,0.64,33.28
2018-03-27,68,64.0,,0.64,43.52
2018-03-28,57,64.0,,0.64,36.480000000000004
2018-03-29,49,64.0,,0.64,31.36
2018-03-30,47,64.0,,0.64,30.080000000000002
2018-03-31,51,64.0,,0.64,32.64
2018-04-01,23,86.0,False,0.86,19.78
2018-04-02,23,86.0,,0.86,19.78
2018-04-03,30,86.0,,0.86,25.8
2018-04-04,25,86.0,,0.86,21.5
2018-04-05,23,86.0,,0.86,19.78
2018-04-06,26,86.0,,0.86,22.36
2018-04-07,35,86.0,,0.86,30.099999999999998
2018-04-08,73,86.0,,0.86,62.78
2018-04-09,100,86.0,,0.86,86.0
2018-04-10,53,86.0,,0.86,45.58
2018-04-11,31,86.0,,0.86,26.66
2018-04-12,22,86.0,,0.86,18.919999999999998
2018-04-13,19,86.0,,0.86,16.34
2018-04-14,22,86.0,,0.86,18.919999999999998
2018-04-15,22,86.0,,0.86,18.919999999999998
2018-04-16,21,86.0,,0.86,18.06
2018-04-17,32,86.0,,0.86,27.52
2018-04-18,29,86.0,,0.86,24.94
2018-04-19,20,86.0,,0.86,17.2
2018-04-20,18,86.0,,0.86,15.48
2018-04-21,20,86.0,,0.86,17.2
2018-04-22,20,86.0,,0.86,17.2
2018-04-23,19,86.0,,0.86,16.34
2018-04-24,24,86.0,,0.86,20.64
2018-04-25,21,86.0,,0.86,18.06
2018-04-26,16,86.0,,0.86,13.76
2018-04-27,30,86.0,,0.86,25.8
2018-04-28,28,86.0,,0.86,24.08
2018-04-29,22,86.0,,0.86,18.919999999999998
2018-04-30,18,86.0,,0.86,15.48
2018-05-01,67,55.0,False,0.55,36.85
2018-05-02,58,55.0,,0.55,31.900000000000002
2018-05-03,47,55.0,,0.55,25.85
2018-05-04,45,55.0,,0.55,24.750000000000004
2018-05-05,49,55.0,,0.55,26.950000000000003
2018-05-06,78,55.0,,0.55,42.900000000000006
2018-05-07,100,55.0,,0.55,55.00000000000001
2018-05-08,65,55.0,,0.55,35.75
2018-05-09,57,55.0,,0.55,31.35
2018-05-10,44,55.0,,0.55,24.200000000000003
2018-05-11,41,55.0,,0.55,22.55
2018-05-12,47,55.0,,0.55,25.85
2018-05-13,49,55.0,,0.55,26.950000000000003
2018-05-14,47,55.0,,0.55,25.85
2018-05-15,59,55.0,,0.55,32.45
2018-05-16,50,55.0,,0.55,27.500000000000004
2018-05-17,42,55.0,,0.55,23.1
2018-05-18,44,55.0,,0.55,24.200000000000003
2018-05-19,45,55.0,,0.55,24.750000000000004
2018-05-20,50,55.0,,0.55,27.500000000000004
2018-05-21,53,55.0,,0.55,29.150000000000002
2018-05-22,63,55.0,,0.55,34.650000000000006
2018-05-23,54,55.0,,0.55,29.700000000000003
2018-05-24,45,55.0,,0.55,24.750000000000004
2018-05-25,40,55.0,,0.55,22.0
2018-05-26,44,55.0,,0.55,24.200000000000003
2018-05-27,51,55.0,,0.55,28.05
2018-05-28,54,55.0,,0.55,29.700000000000003
2018-05-29,59,55.0,,0.55,32.45
2018-05-30,50,55.0,,0.55,27.500000000000004
2018-05-31,43,55.0,,0.55,23.650000000000002
2018-06-01,32,58.0,False,0.58,18.56
2018-06-02,40,58.0,,0.58,23.2
2018-06-03,44,58.0,,0.58,25.52
2018-06-04,40,58.0,,0.58,23.2
2018-06-05,49,58.0,,0.58,28.419999999999998
2018-06-06,43,58.0,,0.58,24.939999999999998
2018-06-07,34,58.0,,0.58,19.72
2018-06-08,33,58.0,,0.58,19.139999999999997
2018-06-09,36,58.0,,0.58,20.88
2018-06-10,43,58.0,,0.58,24.939999999999998
2018-06-11,41,58.0,,0.58,23.779999999999998
2018-06-12,47,58.0,,0.58,27.259999999999998
2018-06-13,42,58.0,,0.58,24.36
2018-06-14,34,58.0,,0.58,19.72
2018-06-15,33,58.0,,0.58,19.139999999999997
2018-06-16,42,58.0,,0.58,24.36
2018-06-17,66,58.0,,0.58,38.279999999999994
2018-06-18,100,58.0,,0.58,57.99999999999999
2018-06-19,67,58.0,,0.58,38.86
2018-06-20,68,58.0,,0.58,39.44
2018-06-21,44,58.0,,0.58,25.52
2018-06-22,40,58.0,,0.58,23.2
2018-06-23,41,58.0,,0.58,23.779999999999998
2018-06-24,41,58.0,,0.58,23.779999999999998
2018-06-25,41,58.0,,0.58,23.779999999999998
2018-06-26,55,58.0,,0.58,31.9
2018-06-27,50,58.0,,0.58,28.999999999999996
2018-06-28,40,58.0,,0.58,23.2
2018-06-29,34,58.0,,0.58,19.72
2018-06-30,41,58.0,,0.58,23.779999999999998
2018-07-01,41,62.0,False,0.62,25.419999999999998
2018-07-02,41,62.0,,0.62,25.419999999999998
2018-07-03,54,62.0,,0.62,33.48
2018-07-04,51,62.0,,0.62,31.62
2018-07-05,41,62.0,,0.62,25.419999999999998
2018-07-06,38,62.0,,0.62,23.56
2018-07-07,40,62.0,,0.62,24.8
2018-07-08,53,62.0,,0.62,32.86
2018-07-09,43,62.0,,0.62,26.66
2018-07-10,55,62.0,,0.62,34.1
2018-07-11,50,62.0,,0.62,31.0
2018-07-12,41,62.0,,0.62,25.419999999999998
2018-07-13,41,62.0,,0.62,25.419999999999998
2018-07-14,42,62.0,,0.62,26.04
2018-07-15,71,62.0,,0.62,44.02
2018-07-16,100,62.0,,0.62,62.0
2018-07-17,66,62.0,,0.62,40.92
2018-07-18,49,62.0,,0.62,30.38
2018-07-19,41,62.0,,0.62,25.419999999999998
2018-07-20,39,62.0,,0.62,24.18
2018-07-21,41,62.0,,0.62,25.419999999999998
2018-07-22,42,62.0,,0.62,26.04
2018-07-23,45,62.0,,0.62,27.9
2018-07-24,67,62.0,,0.62,41.54
2018-07-25,53,62.0,,0.62,32.86
2018-07-26,41,62.0,,0.62,25.419999999999998
2018-07-27,40,62.0,,0.62,24.8
2018-07-28,43,62.0,,0.62,26.66
2018-07-29,56,62.0,,0.62,34.72
2018-07-30,55,62.0,,0.62,34.1
2018-07-31,65,62.0,,0.62,40.3
2018-08-01,35,65.0,False,0.65,22.75
2018-08-02,27,65.0,,0.65,17.55
2018-08-03,31,65.0,,0.65,20.150000000000002
2018-08-04,31,65.0,,0.65,20.150000000000002
2018-08-05,32,65.0,,0.65,20.8
2018-08-06,30,65.0,,0.65,19.5
2018-08-07,40,65.0,,0.65,26.0
2018-08-08,33,65.0,,0.65,21.45
2018-08-09,27,65.0,,0.65,17.55
2018-08-10,25,65.0,,0.65,16.25
2018-08-11,27,65.0,,0.65,17.55
2018-08-12,34,65.0,,0.65,22.1
2018-08-13,41,65.0,,0.65,26.650000000000002
2018-08-14,48,65.0,,0.65,31.200000000000003
2018-08-15,35,65.0,,0.65,22.75
2018-08-16,28,65.0,,0.65,18.2
2018-08-17,29,65.0,,0.65,18.85
2018-08-18,33,65.0,,0.65,21.45
2018-08-19,61,65.0,,0.65,39.65
2018-08-20,100,65.0,,0.65,65.0
2018-08-21,50,65.0,,0.65,32.5
2018-08-22,38,65.0,,0.65,24.7
2018-08-23,28,65.0,,0.65,18.2
2018-08-24,27,65.0,,0.65,17.55
2018-08-25,30,65.0,,0.65,19.5
2018-08-26,30,65.0,,0.65,19.5
2018-08-27,29,65.0,,0.65,18.85
2018-08-28,42,65.0,,0.65,27.3
2018-08-29,33,65.0,,0.65,21.45
2018-08-30,28,65.0,,0.65,18.2
2018-08-31,26,65.0,,0.65,16.900000000000002
2018-09-01,43,57.0,False,0.57,24.509999999999998
2018-09-02,48,57.0,,0.57,27.36
2018-09-03,51,57.0,,0.57,29.069999999999997
2018-09-04,68,57.0,,0.57,38.76
2018-09-05,49,57.0,,0.57,27.929999999999996
2018-09-06,40,57.0,,0.57,22.799999999999997
2018-09-07,37,57.0,,0.57,21.09
2018-09-08,43,57.0,,0.57,24.509999999999998
2018-09-09,43,57.0,,0.57,24.509999999999998
2018-09-10,43,57.0,,0.57,24.509999999999998
2018-09-11,57,57.0,,0.57,32.489999999999995
2018-09-12,45,57.0,,0.57,25.65
2018-09-13,38,57.0,,0.57,21.659999999999997
2018-09-14,39,57.0,,0.57,22.229999999999997
2018-09-15,46,57.0,,0.57,26.22
2018-09-16,73,57.0,,0.57,41.61
2018-09-17,100,57.0,,0.57,56.99999999999999
2018-09-18,66,57.0,,0.57,37.62
2018-09-19,55,57.0,,0.57,31.349999999999998
2018-09-20,47,57.0,,0.57,26.79
2018-09-21,40,57.0,,0.57,22.799999999999997
2018-09-22,49,57.0,,0.57,27.929999999999996
2018-09-23,46,57.0,,0.57,26.22
2018-09-24,40,57.0,,0.57,22.799999999999997
2018-09-25,60,57.0,,0.57,34.199999999999996
2018-09-26,52,57.0,,0.57,29.639999999999997
2018-09-27,42,57.0,,0.57,23.939999999999998
2018-09-28,38,57.0,,0.57,21.659999999999997
2018-09-29,47,57.0,,0.57,26.79
2018-09-30,45,57.0,,0.57,25.65
2018-10-01,44,71.0,False,0.71,31.24
2018-10-02,60,71.0,,0.71,42.599999999999994
2018-10-03,52,71.0,,0.71,36.92
2018-10-04,52,71.0,,0.71,36.92
2018-10-05,55,71.0,,0.71,39.05
2018-10-06,100,71.0,,0.71,71.0
2018-10-07,75,71.0,,0.71,53.25
2018-10-08,59,71.0,,0.71,41.89
2018-10-09,76,71.0,,0.71,53.959999999999994
2018-10-10,62,71.0,,0.71,44.019999999999996
2018-10-11,51,71.0,,0.71,36.21
2018-10-12,48,71.0,,0.71,34.08
2018-10-13,54,71.0,,0.71,38.339999999999996
2018-10-14,56,71.0,,0.71,39.76
2018-10-15,50,71.0,,0.71,35.5
2018-10-16,70,71.0,,0.71,49.699999999999996
2018-10-17,61,71.0,,0.71,43.309999999999995
2018-10-18,50,71.0,,0.71,35.5
2018-10-19,46,71.0,,0.71,32.66
2018-10-20,49,71.0,,0.71,34.79
2018-10-21,58,71.0,,0.71,41.18
2018-10-22,47,71.0,,0.71,33.37
2018-10-23,93,71.0,,0.71,66.03
2018-10-24,60,71.0,,0.71,42.599999999999994
2018-10-25,52,71.0,,0.71,36.92
2018-10-26,47,71.0,,0.71,33.37
2018-10-27,55,71.0,,0.71,39.05
2018-10-28,80,71.0,,0.71,56.8
2018-10-29,98,71.0,,0.71,69.58
2018-10-30,71,71.0,,0.71,50.41
2018-10-31,59,71.0,,0.71,41.89
2018-11-01,43,62.0,False,0.62,26.66
2018-11-02,80,62.0,,0.62,49.6
2018-11-03,70,62.0,,0.62,43.4
2018-11-04,49,62.0,,0.62,30.38
2018-11-05,48,62.0,,0.62,29.759999999999998
2018-11-06,58,62.0,,0.62,35.96
2018-11-07,42,62.0,,0.62,26.04
2018-11-08,39,62.0,,0.62,24.18
2018-11-09,36,62.0,,0.62,22.32
2018-11-10,40,62.0,,0.62,24.8
2018-11-11,41,62.0,,0.62,25.419999999999998
2018-11-12,39,62.0,,0.62,24.18
2018-11-13,55,62.0,,0.62,34.1
2018-11-14,60,62.0,,0.62,37.2
2018-11-15,46,62.0,,0.62,28.52
2018-11-16,41,62.0,,0.62,25.419999999999998
2018-11-17,47,62.0,,0.62,29.14
2018-11-18,70,62.0,,0.62,43.4
2018-11-19,100,62.0,,0.62,62.0
2018-11-20,66,62.0,,0.62,40.92
2018-11-21,59,62.0,,0.62,36.58
2018-11-22,48,62.0,,0.62,29.759999999999998
2018-11-23,49,62.0,,0.62,30.38
2018-11-24,50,62.0,,0.62,31.0
2018-11-25,56,62.0,,0.62,34.72
2018-11-26,47,62.0,,0.62,29.14
2018-11-27,56,62.0,,0.62,34.72
2018-11-28,50,62.0,,0.62,31.0
2018-11-29,40,62.0,,0.62,24.8
2018-11-30,38,62.0,,0.62,23.56
2018-12-01,37,58.0,False,0.58,21.459999999999997
2018-12-02,39,58.0,,0.58,22.619999999999997
2018-12-03,36,58.0,,0.58,20.88
2018-12-04,50,58.0,,0.58,28.999999999999996
2018-12-05,41,58.0,,0.58,23.779999999999998
2018-12-06,34,58.0,,0.58,19.72
2018-12-07,32,58.0,,0.58,18.56
2018-12-08,38,58.0,,0.58,22.04
2018-12-09,45,58.0,,0.58,26.099999999999998
2018-12-10,38,58.0,,0.58,22.04
2018-12-11,49,58.0,,0.58,28.419999999999998
2018-12-12,42,58.0,,0.58,24.36
2018-12-13,34,58.0,,0.58,19.72
2018-12-14,36,58.0,,0.58,20.88
2018-12-15,40,58.0,,0.58,23.2
2018-12-16,57,58.0,,0.58,33.059999999999995
2018-12-17,100,58.0,,0.58,57.99999999999999
2018-12-18,66,58.0,,0.58,38.279999999999994
2018-12-19,51,58.0,,0.58,29.58
2018-12-20,40,58.0,,0.58,23.2
2018-12-21,39,58.0,,0.58,22.619999999999997
2018-12-22,40,58.0,,0.58,23.2
2018-12-23,41,58.0,,0.58,23.779999999999998
2018-12-24,38,58.0,,0.58,22.04
2018-12-25,57,58.0,,0.58,33.059999999999995
2018-12-26,53,58.0,,0.58,30.74
2018-12-27,42,58.0,,0.58,24.36
2018-12-28,39,58.0,,0.58,22.619999999999997
2018-12-29,41,58.0,,0.58,23.779999999999998
2018-12-30,42,58.0,,0.58,24.36
2018-12-31,38,58.0,,0.58,22.04
2019-01-01,35,62.0,False,0.62,21.7
2019-01-02,38,62.0,,0.62,23.56
2019-01-03,30,62.0,,0.62,18.6
2019-01-04,26,62.0,,0.62,16.12
2019-01-05,28,62.0,,0.62,17.36
2019-01-06,28,62.0,,0.62,17.36
2019-01-07,26,62.0,,0.62,16.12
2019-01-08,34,62.0,,0.62,21.08
2019-01-09,30,62.0,,0.62,18.6
2019-01-10,22,62.0,,0.62,13.64
2019-01-11,23,62.0,,0.62,14.26
2019-01-12,28,62.0,,0.62,17.36
2019-01-13,27,62.0,,0.62,16.74
2019-01-14,25,62.0,,0.62,15.5
2019-01-15,37,62.0,,0.62,22.94
2019-01-16,29,62.0,,0.62,17.98
2019-01-17,24,62.0,,0.62,14.879999999999999
2019-01-18,24,62.0,,0.62,14.879999999999999
2019-01-19,27,62.0,,0.62,16.74
2019-01-20,29,62.0,,0.62,17.98
2019-01-21,28,62.0,,0.62,17.36
2019-01-22,35,62.0,,0.62,21.7
2019-01-23,30,62.0,,0.62,18.6
2019-01-24,26,62.0,,0.62,16.12
2019-01-25,24,62.0,,0.62,14.879999999999999
2019-01-26,32,62.0,,0.62,19.84
2019-01-27,57,62.0,,0.62,35.339999999999996
2019-01-28,100,62.0,,0.62,62.0
2019-01-29,43,62.0,,0.62,26.66
2019-01-30,39,62.0,,0.62,24.18
2019-01-31,27,62.0,,0.62,16.74
2019-02-01,35,64.0,False,0.64,22.400000000000002
2019-02-02,40,64.0,,0.64,25.6
2019-02-03,40,64.0,,0.64,25.6
2019-02-04,36,64.0,,0.64,23.04
2019-02-05,47,64.0,,0.64,30.080000000000002
2019-02-06,41,64.0,,0.64,26.240000000000002
2019-02-07,34,64.0,,0.64,21.76
2019-02-08,31,64.0,,0.64,19.84
2019-02-09,39,64.0,,0.64,24.96
2019-02-10,41,64.0,,0.64,26.240000000000002
2019-02-11,36,64.0,,0.64,23.04
2019-02-12,57,64.0,,0.64,36.480000000000004
2019-02-13,45,64.0,,0.64,28.8
2019-02-14,36,64.0,,0.64,23.04
2019-02-15,36,64.0,,0.64,23.04
2019-02-16,41,64.0,,0.64,26.240000000000002
2019-02-17,66,64.0,,0.64,42.24
2019-02-18,100,64.0,,0.64,64.0
2019-02-19,61,64.0,,0.64,39.04
2019-02-20,50,64.0,,0.64,32.0
2019-02-21,37,64.0,,0.64,23.68
2019-02-22,38,64.0,,0.64,24.32
2019-02-23,43,64.0,,0.64,27.52
2019-02-24,46,64.0,,0.64,29.44
2019-02-25,40,64.0,,0.64,25.6
2019-02-26,62,64.0,,0.64,39.68
2019-02-27,50,64.0,,0.64,32.0
2019-02-28,36,64.0,,0.64,23.04
2019-03-01,44,61.0,False,0.61,26.84
2019-03-02,51,61.0,,0.61,31.11
2019-03-03,58,61.0,,0.61,35.38
2019-03-04,56,61.0,,0.61,34.16
2019-03-05,76,61.0,,0.61,46.36
2019-03-06,57,61.0,,0.61,34.769999999999996
2019-03-07,43,61.0,,0.61,26.23
2019-03-08,45,61.0,,0.61,27.45
2019-03-09,55,61.0,,0.61,33.55
2019-03-10,82,61.0,,0.61,50.019999999999996
2019-03-11,100,61.0,,0.61,61.0
2019-03-12,71,61.0,,0.61,43.31
2019-03-13,53,61.0,,0.61,32.33
2019-03-14,42,61.0,,0.61,25.62
2019-03-15,38,61.0,,0.61,23.18
2019-03-16,46,61.0,,0.61,28.06
2019-03-17,51,61.0,,0.61,31.11
2019-03-18,48,61.0,,0.61,29.28
2019-03-19,64,61.0,,0.61,39.04
2019-03-20,58,61.0,,0.61,35.38
2019-03-21,40,61.0,,0.61,24.4
2019-03-22,43,61.0,,0.61,26.23
2019-03-23,44,61.0,,0.61,26.84
2019-03-24,51,61.0,,0.61,31.11
2019-03-25,51,61.0,,0.61,31.11
2019-03-26,65,61.0,,0.61,39.65
2019-03-27,59,61.0,,0.61,35.99
2019-03-28,44,61.0,,0.61,26.84
2019-03-29,43,61.0,,0.61,26.23
2019-03-30,49,61.0,,0.61,29.89
2019-03-31,52,61.0,,0.61,31.72
2019-04-01,25,75.0,False,0.75,18.75
2019-04-02,30,75.0,,0.75,22.5
2019-04-03,26,75.0,,0.75,19.5
2019-04-04,23,75.0,,0.75,17.25
2019-04-05,27,75.0,,0.75,20.25
2019-04-06,38,75.0,,0.75,28.5
2019-04-07,91,75.0,,0.75,68.25
2019-04-08,100,75.0,,0.75,75.0
2019-04-09,47,75.0,,0.75,35.25
2019-04-10,31,75.0,,0.75,23.25
2019-04-11,23,75.0,,0.75,17.25
2019-04-12,21,75.0,,0.75,15.75
2019-04-13,22,75.0,,0.75,16.5
2019-04-14,24,75.0,,0.75,18.0
2019-04-15,22,75.0,,0.75,16.5
2019-04-16,34,75.0,,0.75,25.5
2019-04-17,33,75.0,,0.75,24.75
2019-04-18,23,75.0,,0.75,17.25
2019-04-19,22,75.0,,0.75,16.5
2019-04-20,22,75.0,,0.75,16.5
2019-04-21,25,75.0,,0.75,18.75
2019-04-22,24,75.0,,0.75,18.0
2019-04-23,28,75.0,,0.75,21.0
2019-04-24,24,75.0,,0.75,18.0
2019-04-25,18,75.0,,0.75,13.5
2019-04-26,17,75.0,,0.75,12.75
2019-04-27,18,75.0,,0.75,13.5
2019-04-28,19,75.0,,0.75,14.25
2019-04-29,19,75.0,,0.75,14.25
2019-04-30,23,75.0,,0.75,17.25
2019-05-01,31,66.0,False,0.66,20.46
2019-05-02,22,66.0,,0.66,14.520000000000001
2019-05-03,24,66.0,,0.66,15.84
2019-05-04,25,66.0,,0.66,16.5
2019-05-05,29,66.0,,0.66,19.14
2019-05-06,25,66.0,,0.66,16.5
2019-05-07,34,66.0,,0.66,22.44
2019-05-08,30,66.0,,0.66,19.8
2019-05-09,24,66.0,,0.66,15.84
2019-05-10,23,66.0,,0.66,15.180000000000001
2019-05-11,27,66.0,,0.66,17.82
2019-05-12,28,66.0,,0.66,18.48
2019-05-13,28,66.0,,0.66,18.48
2019-05-14,34,66.0,,0.66,22.44
2019-05-15,29,66.0,,0.66,19.14
2019-05-16,27,66.0,,0.66,17.82
2019-05-17,100,66.0,,0.66,66.0
2019-05-18,50,66.0,,0.66,33.0
2019-05-19,54,66.0,,0.66,35.64
2019-05-20,71,66.0,,0.66,46.86
2019-05-21,50,66.0,,0.66,33.0
2019-05-22,39,66.0,,0.66,25.740000000000002
2019-05-23,29,66.0,,0.66,19.14
2019-05-24,27,66.0,,0.66,17.82
2019-05-25,29,66.0,,0.66,19.14
2019-05-26,37,66.0,,0.66,24.42
2019-05-27,36,66.0,,0.66,23.76
2019-05-28,41,66.0,,0.66,27.060000000000002
2019-05-29,34,66.0,,0.66,22.44
2019-05-30,26,66.0,,0.66,17.16
2019-05-31,26,66.0,,0.66,17.16
2019-06-01,50,61.0,False,0.61,30.5
2019-06-02,59,61.0,,0.61,35.99
2019-06-03,49,61.0,,0.61,29.89
2019-06-04,69,61.0,,0.61,42.089999999999996
2019-06-05,60,61.0,,0.61,36.6
2019-06-06,46,61.0,,0.61,28.06
2019-06-07,91,61.0,,0.61,55.51
2019-06-08,84,61.0,,0.61,51.24
2019-06-09,59,61.0,,0.61,35.99
2019-06-10,55,61.0,,0.61,33.55
2019-06-11,61,61.0,,0.61,37.21
2019-06-12,52,61.0,,0.61,31.72
2019-06-13,40,61.0,,0.61,24.4
2019-06-14,38,61.0,,0.61,23.18
2019-06-15,43,61.0,,0.61,26.23
2019-06-16,52,61.0,,0.61,31.72
2019-06-17,46,61.0,,0.61,28.06
2019-06-18,61,61.0,,0.61,37.21
2019-06-19,51,61.0,,0.61,31.11
2019-06-20,45,61.0,,0.61,27.45
2019-06-21,41,61.0,,0.61,25.009999999999998
2019-06-22,47,61.0,,0.61,28.669999999999998
2019-06-23,79,61.0,,0.61,48.19
2019-06-24,100,61.0,,0.61,61.0
2019-06-25,68,61.0,,0.61,41.48
2019-06-26,54,61.0,,0.61,32.94
2019-06-27,45,61.0,,0.61,27.45
2019-06-28,42,61.0,,0.61,25.62
2019-06-29,46,61.0,,0.61,28.06
2019-06-30,44,61.0,,0.61,26.84
2019-07-01,39,61.0,False,0.61,23.79
2019-07-02,66,61.0,,0.61,40.26
2019-07-03,48,61.0,,0.61,29.28
2019-07-04,40,61.0,,0.61,24.4
2019-07-05,41,61.0,,0.61,25.009999999999998
2019-07-06,42,61.0,,0.61,25.62
2019-07-07,47,61.0,,0.61,28.669999999999998
2019-07-08,43,61.0,,0.61,26.23
2019-07-09,57,61.0,,0.61,34.769999999999996
2019-07-10,48,61.0,,0.61,29.28
2019-07-11,41,61.0,,0.61,25.009999999999998
2019-07-12,38,61.0,,0.61,23.18
2019-07-13,42,61.0,,0.61,25.62
2019-07-14,73,61.0,,0.61,44.53
2019-07-15,100,61.0,,0.61,61.0
2019-07-16,64,61.0,,0.61,39.04
2019-07-17,54,61.0,,0.61,32.94
2019-07-18,42,61.0,,0.61,25.62
2019-07-19,39,61.0,,0.61,23.79
2019-07-20,43,61.0,,0.61,26.23
2019-07-21,45,61.0,,0.61,27.45
2019-07-22,47,61.0,,0.61,28.669999999999998
2019-07-23,85,61.0,,0.61,51.85
2019-07-24,56,61.0,,0.61,34.16
2019-07-25,43,61.0,,0.61,26.23
2019-07-26,39,61.0,,0.61,23.79
2019-07-27,48,61.0,,0.61,29.28
2019-07-28,55,61.0,,0.61,33.55
2019-07-29,46,61.0,,0.61,28.06
2019-07-30,64,61.0,,0.61,39.04
2019-07-31,54,61.0,,0.61,32.94
2019-08-01,36,57.0,False,0.57,20.52
2019-08-02,34,57.0,,0.57,19.38
2019-08-03,37,57.0,,0.57,21.09
2019-08-04,42,57.0,,0.57,23.939999999999998
2019-08-05,44,57.0,,0.57,25.08
2019-08-06,56,57.0,,0.57,31.919999999999998
2019-08-07,48,57.0,,0.57,27.36
2019-08-08,37,57.0,,0.57,21.09
2019-08-09,33,57.0,,0.57,18.81
2019-08-10,43,57.0,,0.57,24.509999999999998
2019-08-11,79,57.0,,0.57,45.029999999999994
2019-08-12,100,57.0,,0.57,56.99999999999999
2019-08-13,60,57.0,,0.57,34.199999999999996
2019-08-14,48,57.0,,0.57,27.36
2019-08-15,38,57.0,,0.57,21.659999999999997
2019-08-16,35,57.0,,0.57,19.95
2019-08-17,37,57.0,,0.57,21.09
2019-08-18,40,57.0,,0.57,22.799999999999997
2019-08-19,37,57.0,,0.57,21.09
2019-08-20,50,57.0,,0.57,28.499999999999996
2019-08-21,41,57.0,,0.57,23.369999999999997
2019-08-22,31,57.0,,0.57,17.669999999999998
2019-08-23,30,57.0,,0.57,17.099999999999998
2019-08-24,32,57.0,,0.57,18.24
2019-08-25,34,57.0,,0.57,19.38
2019-08-26,31,57.0,,0.57,17.669999999999998
2019-08-27,43,57.0,,0.57,24.509999999999998
2019-08-28,37,57.0,,0.57,21.09
2019-08-29,28,57.0,,0.57,15.959999999999999
2019-08-30,27,57.0,,0.57,15.389999999999999
2019-08-31,31,57.0,,0.57,17.669999999999998
2019-09-01,49,48.0,False,0.48,23.52
2019-09-02,50,48.0,,0.48,24.0
2019-09-03,63,48.0,,0.48,30.24
2019-09-04,51,48.0,,0.48,24.48
2019-09-05,41,48.0,,0.48,19.68
2019-09-06,38,48.0,,0.48,18.24
2019-09-07,45,48.0,,0.48,21.599999999999998
2019-09-08,49,48.0,,0.48,23.52
2019-09-09,45,48.0,,0.48,21.599999999999998
2019-09-10,62,48.0,,0.48,29.759999999999998
2019-09-11,52,48.0,,0.48,24.96
2019-09-12,40,48.0,,0.48,19.2
2019-09-13,40,48.0,,0.48,19.2
2019-09-14,45,48.0,,0.48,21.599999999999998
2019-09-15,76,48.0,,0.48,36.48
2019-09-16,100,48.0,,0.48,48.0
2019-09-17,68,48.0,,0.48,32.64
2019-09-18,54,48.0,,0.48,25.919999999999998
2019-09-19,45,48.0,,0.48,21.599999999999998
2019-09-20,40,48.0,,0.48,19.2
2019-09-21,46,48.0,,0.48,22.08
2019-09-22,47,48.0,,0.48,22.56
2019-09-23,42,48.0,,0.48,20.16
2019-09-24,64,48.0,,0.48,30.72
2019-09-25,54,48.0,,0.48,25.919999999999998
2019-09-26,45,48.0,,0.48,21.599999999999998
2019-09-27,44,48.0,,0.48,21.119999999999997
2019-09-28,52,48.0,,0.48,24.96
2019-09-29,58,48.0,,0.48,27.84
2019-09-30,54,48.0,,0.48,25.919999999999998
2019-10-01,71,63.0,False,0.63,44.73
2019-10-02,48,63.0,,0.63,30.240000000000002
2019-10-03,49,63.0,,0.63,30.87
2019-10-04,52,63.0,,0.63,32.76
2019-10-05,93,63.0,,0.63,58.59
2019-10-06,77,63.0,,0.63,48.51
2019-10-07,100,63.0,,0.63,63.0
2019-10-08,70,63.0,,0.63,44.1
2019-10-09,48,63.0,,0.63,30.240000000000002
2019-10-10,46,63.0,,0.63,28.98
2019-10-11,48,63.0,,0.63,30.240000000000002
2019-10-12,82,63.0,,0.63,51.660000000000004
2019-10-13,49,63.0,,0.63,30.87
2019-10-14,47,63.0,,0.63,29.61
2019-10-15,70,63.0,,0.63,44.1
2019-10-16,51,63.0,,0.63,32.13
2019-10-17,41,63.0,,0.63,25.830000000000002
2019-10-18,40,63.0,,0.63,25.2
2019-10-19,60,63.0,,0.63,37.8
2019-10-20,49,63.0,,0.63,30.87
2019-10-21,43,63.0,,0.63,27.09
2019-10-22,63,63.0,,0.63,39.69
2019-10-23,49,63.0,,0.63,30.87
2019-10-24,44,63.0,,0.63,27.72
2019-10-25,46,63.0,,0.63,28.98
2019-10-26,55,63.0,,0.63,34.65
2019-10-27,50,63.0,,0.63,31.5
2019-10-28,45,63.0,,0.63,28.35
2019-10-29,57,63.0,,0.63,35.910000000000004
2019-10-30,44,63.0,,0.63,27.72
2019-10-31,76,63.0,,0.63,47.88
2019-11-01,80,55.0,False,0.55,44.0
2019-11-02,88,55.0,,0.55,48.400000000000006
2019-11-03,62,55.0,,0.55,34.1
2019-11-04,50,55.0,,0.55,27.500000000000004
2019-11-05,73,55.0,,0.55,40.150000000000006
2019-11-06,50,55.0,,0.55,27.500000000000004
2019-11-07,49,55.0,,0.55,26.950000000000003
2019-11-08,46,55.0,,0.55,25.3
2019-11-09,61,55.0,,0.55,33.550000000000004
2019-11-10,55,55.0,,0.55,30.250000000000004
2019-11-11,46,55.0,,0.55,25.3
2019-11-12,62,55.0,,0.55,34.1
2019-11-13,52,55.0,,0.55,28.6
2019-11-14,47,55.0,,0.55,25.85
2019-11-15,43,55.0,,0.55,23.650000000000002
2019-11-16,69,55.0,,0.55,37.95
2019-11-17,55,55.0,,0.55,30.250000000000004
2019-11-18,45,55.0,,0.55,24.750000000000004
2019-11-19,61,55.0,,0.55,33.550000000000004
2019-11-20,51,55.0,,0.55,28.05
2019-11-21,47,55.0,,0.55,25.85
2019-11-22,45,55.0,,0.55,24.750000000000004
2019-11-23,71,55.0,,0.55,39.050000000000004
2019-11-24,87,55.0,,0.55,47.85
2019-11-25,100,55.0,,0.55,55.00000000000001
2019-11-26,73,55.0,,0.55,40.150000000000006
2019-11-27,51,55.0,,0.55,28.05
2019-11-28,55,55.0,,0.55,30.250000000000004
2019-11-29,54,55.0,,0.55,29.700000000000003
2019-11-30,72,55.0,,0.55,39.6
2019-12-01,67,52.0,False,0.52,34.84
2019-12-02,65,52.0,,0.52,33.800000000000004
2019-12-03,69,52.0,,0.52,35.88
2019-12-04,47,52.0,,0.52,24.44
2019-12-05,49,52.0,,0.52,25.48
2019-12-06,46,52.0,,0.52,23.92
2019-12-07,68,52.0,,0.52,35.36
2019-12-08,58,52.0,,0.52,30.16
2019-12-09,54,52.0,,0.52,28.080000000000002
2019-12-10,67,52.0,,0.52,34.84
2019-12-11,51,52.0,,0.52,26.52
2019-12-12,50,52.0,,0.52,26.0
2019-12-13,50,52.0,,0.52,26.0
2019-12-14,69,52.0,,0.52,35.88
2019-12-15,81,52.0,,0.52,42.120000000000005
2019-12-16,100,52.0,,0.52,52.0
2019-12-17,73,52.0,,0.52,37.96
2019-12-18,47,52.0,,0.52,24.44
2019-12-19,52,52.0,,0.52,27.04
2019-12-20,47,52.0,,0.52,24.44
2019-12-21,63,52.0,,0.52,32.76
2019-12-22,54,52.0,,0.52,28.080000000000002
2019-12-23,49,52.0,,0.52,25.48
2019-12-24,67,52.0,,0.52,34.84
2019-12-25,57,52.0,,0.52,29.64
2019-12-26,52,52.0,,0.52,27.04
2019-12-27,57,52.0,,0.52,29.64
2019-12-28,66,52.0,,0.52,34.32
2019-12-29,59,52.0,,0.52,30.68
2019-12-30,54,52.0,,0.52,28.080000000000002
2019-12-31,79,52.0,,0.52,41.08
2020-01-01,29,56.0,False,0.56,16.240000000000002
2020-01-02,24,56.0,,0.56,13.440000000000001
2020-01-03,22,56.0,,0.56,12.32
2020-01-04,30,56.0,,0.56,16.8
2020-01-05,24,56.0,,0.56,13.440000000000001
2020-01-06,22,56.0,,0.56,12.32
2020-01-07,32,56.0,,0.56,17.92
2020-01-08,23,56.0,,0.56,12.88
2020-01-09,20,56.0,,0.56,11.200000000000001
2020-01-10,19,56.0,,0.56,10.64
2020-01-11,30,56.0,,0.56,16.8
2020-01-12,27,56.0,,0.56,15.120000000000001
2020-01-13,21,56.0,,0.56,11.760000000000002
2020-01-14,29,56.0,,0.56,16.240000000000002
2020-01-15,22,56.0,,0.56,12.32
2020-01-16,24,56.0,,0.56,13.440000000000001
2020-01-17,24,56.0,,0.56,13.440000000000001
2020-01-18,31,56.0,,0.56,17.360000000000003
2020-01-19,29,56.0,,0.56,16.240000000000002
2020-01-20,25,56.0,,0.56,14.000000000000002
2020-01-21,30,56.0,,0.56,16.8
2020-01-22,21,56.0,,0.56,11.760000000000002
2020-01-23,22,56.0,,0.56,12.32
2020-01-24,23,56.0,,0.56,12.88
2020-01-25,36,56.0,,0.56,20.160000000000004
2020-01-26,49,56.0,,0.56,27.44
2020-01-27,100,56.0,,0.56,56.00000000000001
2020-01-28,46,56.0,,0.56,25.76
2020-01-29,28,56.0,,0.56,15.680000000000001
2020-01-30,26,56.0,,0.56,14.560000000000002
2020-01-31,29,56.0,,0.56,16.240000000000002
2020-02-01,89,56.0,False,0.56,49.84
2020-02-02,76,56.0,,0.56,42.56
2020-02-03,64,56.0,,0.56,35.84
2020-02-04,81,56.0,,0.56,45.36000000000001
2020-02-05,58,56.0,,0.56,32.480000000000004
2020-02-06,60,56.0,,0.56,33.6
2020-02-07,61,56.0,,0.56,34.160000000000004
2020-02-08,90,56.0,,0.56,50.400000000000006
2020-02-09,75,56.0,,0.56,42.00000000000001
2020-02-10,57,56.0,,0.56,31.92
2020-02-11,82,56.0,,0.56,45.92
2020-02-12,57,56.0,,0.56,31.92
2020-02-13,56,56.0,,0.56,31.360000000000003
2020-02-14,53,56.0,,0.56,29.680000000000003
2020-02-15,82,56.0,,0.56,45.92
2020-02-16,80,56.0,,0.56,44.800000000000004
2020-02-17,75,56.0,,0.56,42.00000000000001
2020-02-18,74,56.0,,0.56,41.440000000000005
2020-02-19,53,56.0,,0.56,29.680000000000003
2020-02-20,53,56.0,,0.56,29.680000000000003
2020-02-21,54,56.0,,0.56,30.240000000000002
2020-02-22,89,56.0,,0.56,49.84
2020-02-23,73,56.0,,0.56,40.88
2020-02-24,59,56.0,,0.56,33.040000000000006
2020-02-25,71,56.0,,0.56,39.760000000000005
2020-02-26,54,56.0,,0.56,30.240000000000002
2020-02-27,100,56.0,,0.56,56.00000000000001
2020-02-28,85,56.0,,0.56,47.6
2020-02-29,91,56.0,,0.56,50.96000000000001
2020-03-01,66,54.0,False,0.54,35.64
2020-03-02,53,54.0,,0.54,28.62
2020-03-03,71,54.0,,0.54,38.34
2020-03-04,50,54.0,,0.54,27.0
2020-03-05,50,54.0,,0.54,27.0
2020-03-06,52,54.0,,0.54,28.080000000000002
2020-03-07,75,54.0,,0.54,40.5
2020-03-08,91,54.0,,0.54,49.14
2020-03-09,100,54.0,,0.54,54.0
2020-03-10,72,54.0,,0.54,38.88
2020-03-11,55,54.0,,0.54,29.700000000000003
2020-03-12,68,54.0,,0.54,36.72
2020-03-13,68,54.0,,0.54,36.72
2020-03-14,91,54.0,,0.54,49.14
2020-03-15,66,54.0,,0.54,35.64
2020-03-16,65,54.0,,0.54,35.1
2020-03-17,78,54.0,,0.54,42.120000000000005
2020-03-18,53,54.0,,0.54,28.62
2020-03-19,50,54.0,,0.54,27.0
2020-03-20,50,54.0,,0.54,27.0
2020-03-21,71,54.0,,0.54,38.34
2020-03-22,65,54.0,,0.54,35.1
2020-03-23,62,54.0,,0.54,33.480000000000004
2020-03-24,71,54.0,,0.54,38.34
2020-03-25,56,54.0,,0.54,30.240000000000002
2020-03-26,54,54.0,,0.54,29.160000000000004
2020-03-27,62,54.0,,0.54,33.480000000000004
2020-03-28,77,54.0,,0.54,41.580000000000005
2020-03-29,74,54.0,,0.54,39.96
2020-03-30,63,54.0,,0.54,34.02
2020-03-31,70,54.0,,0.54,37.800000000000004
2020-04-01,29,64.0,False,0.64,18.56
2020-04-02,29,64.0,,0.64,18.56
2020-04-03,30,64.0,,0.64,19.2
2020-04-04,75,64.0,,0.64,48.0
2020-04-05,100,64.0,,0.64,64.0
2020-04-06,76,64.0,,0.64,48.64
2020-04-07,41,64.0,,0.64,26.240000000000002
2020-04-08,33,64.0,,0.64,21.12
2020-04-09,31,64.0,,0.64,19.84
2020-04-10,32,64.0,,0.64,20.48
2020-04-11,39,64.0,,0.64,24.96
2020-04-12,36,64.0,,0.64,23.04
2020-04-13,30,64.0,,0.64,19.2
2020-04-14,40,64.0,,0.64,25.6
2020-04-15,49,64.0,,0.64,31.36
2020-04-16,52,64.0,,0.64,33.28
2020-04-17,34,64.0,,0.64,21.76
2020-04-18,42,64.0,,0.64,26.88
2020-04-19,34,64.0,,0.64,21.76
2020-04-20,28,64.0,,0.64,17.92
2020-04-21,36,64.0,,0.64,23.04
2020-04-22,28,64.0,,0.64,17.92
2020-04-23,29,64.0,,0.64,18.56
2020-04-24,26,64.0,,0.64,16.64
2020-04-25,30,64.0,,0.64,19.2
2020-04-26,27,64.0,,0.64,17.28
2020-04-27,25,64.0,,0.64,16.0
2020-04-28,32,64.0,,0.64,20.48
2020-04-29,27,64.0,,0.64,17.28
2020-04-30,27,64.0,,0.64,17.28
2020-05-01,56,51.0,False,0.51,28.560000000000002
2020-05-02,64,51.0,,0.51,32.64
2020-05-03,58,51.0,,0.51,29.580000000000002
2020-05-04,50,51.0,,0.51,25.5
2020-05-05,60,51.0,,0.51,30.6
2020-05-06,50,51.0,,0.51,25.5
2020-05-07,51,51.0,,0.51,26.01
2020-05-08,48,51.0,,0.51,24.48
2020-05-09,61,51.0,,0.51,31.11
2020-05-10,89,51.0,,0.51,45.39
2020-05-11,100,51.0,,0.51,51.0
2020-05-12,79,51.0,,0.51,40.29
2020-05-13,57,51.0,,0.51,29.07
2020-05-14,51,51.0,,0.51,26.01
2020-05-15,49,51.0,,0.51,24.990000000000002
2020-05-16,65,51.0,,0.51,33.15
2020-05-17,58,51.0,,0.51,29.580000000000002
2020-05-18,59,51.0,,0.51,30.09
2020-05-19,75,51.0,,0.51,38.25
2020-05-20,80,51.0,,0.51,40.8
2020-05-21,68,51.0,,0.51,34.68
2020-05-22,52,51.0,,0.51,26.52
2020-05-23,72,51.0,,0.51,36.72
2020-05-24,62,51.0,,0.51,31.62
2020-05-25,56,51.0,,0.51,28.560000000000002
2020-05-26,67,51.0,,0.51,34.17
2020-05-27,50,51.0,,0.51,25.5
2020-05-28,47,51.0,,0.51,23.97
2020-05-29,46,51.0,,0.51,23.46
2020-05-30,63,51.0,,0.51,32.13
2020-05-31,51,51.0,,0.51,26.01
2020-06-01,50,48.0,False,0.48,24.0
2020-06-02,65,48.0,,0.48,31.2
2020-06-03,50,48.0,,0.48,24.0
2020-06-04,48,48.0,,0.48,23.04
2020-06-05,47,48.0,,0.48,22.56
2020-06-06,65,48.0,,0.48,31.2
2020-06-07,67,48.0,,0.48,32.16
2020-06-08,59,48.0,,0.48,28.32
2020-06-09,64,48.0,,0.48,30.72
2020-06-10,51,48.0,,0.48,24.48
2020-06-11,47,48.0,,0.48,22.56
2020-06-12,44,48.0,,0.48,21.119999999999997
2020-06-13,65,48.0,,0.48,31.2
2020-06-14,81,48.0,,0.48,38.879999999999995
2020-06-15,100,48.0,,0.48,48.0
2020-06-16,75,48.0,,0.48,36.0
2020-06-17,66,48.0,,0.48,31.68
2020-06-18,54,48.0,,0.48,25.919999999999998
2020-06-19,52,48.0,,0.48,24.96
2020-06-20,66,48.0,,0.48,31.68
2020-06-21,57,48.0,,0.48,27.36
2020-06-22,56,48.0,,0.48,26.88
2020-06-23,68,48.0,,0.48,32.64
2020-06-24,52,48.0,,0.48,24.96
2020-06-25,55,48.0,,0.48,26.4
2020-06-26,50,48.0,,0.48,24.0
2020-06-27,62,48.0,,0.48,29.759999999999998
2020-06-28,56,48.0,,0.48,26.88
2020-06-29,48,48.0,,0.48,23.04
2020-06-30,58,48.0,,0.48,27.84
2020-07-01,41,43.0,False,0.43,17.63
2020-07-02,45,43.0,,0.43,19.35
2020-07-03,40,43.0,,0.43,17.2
2020-07-04,52,43.0,,0.43,22.36
2020-07-05,47,43.0,,0.43,20.21
2020-07-06,41,43.0,,0.43,17.63
2020-07-07,62,43.0,,0.43,26.66
2020-07-08,46,43.0,,0.43,19.78
2020-07-09,44,43.0,,0.43,18.919999999999998
2020-07-10,40,43.0,,0.43,17.2
2020-07-11,52,43.0,,0.43,22.36
2020-07-12,50,43.0,,0.43,21.5
2020-07-13,42,43.0,,0.43,18.06
2020-07-14,52,43.0,,0.43,22.36
2020-07-15,41,43.0,,0.43,17.63
2020-07-16,40,43.0,,0.43,17.2
2020-07-17,41,43.0,,0.43,17.63
2020-07-18,55,43.0,,0.43,23.65
2020-07-19,73,43.0,,0.43,31.39
2020-07-20,100,43.0,,0.43,43.0
2020-07-21,63,43.0,,0.43,27.09
2020-07-22,42,43.0,,0.43,18.06
2020-07-23,43,43.0,,0.43,18.49
2020-07-24,41,43.0,,0.43,17.63
2020-07-25,53,43.0,,0.43,22.79
2020-07-26,44,43.0,,0.43,18.919999999999998
2020-07-27,41,43.0,,0.43,17.63
2020-07-28,53,43.0,,0.43,22.79
2020-07-29,40,43.0,,0.43,17.2
2020-07-30,39,43.0,,0.43,16.77
2020-07-31,40,43.0,,0.43,17.2
2020-08-01,51,51.0,False,0.51,26.01
2020-08-02,43,51.0,,0.51,21.93
2020-08-03,42,51.0,,0.51,21.42
2020-08-04,65,51.0,,0.51,33.15
2020-08-05,48,51.0,,0.51,24.48
2020-08-06,40,51.0,,0.51,20.4
2020-08-07,39,51.0,,0.51,19.89
2020-08-08,62,51.0,,0.51,31.62
2020-08-09,49,51.0,,0.51,24.990000000000002
2020-08-10,56,51.0,,0.51,28.560000000000002
2020-08-11,59,51.0,,0.51,30.09
2020-08-12,43,51.0,,0.51,21.93
2020-08-13,41,51.0,,0.51,20.91
2020-08-14,41,51.0,,0.51,20.91
2020-08-15,56,51.0,,0.51,28.560000000000002
2020-08-16,53,51.0,,0.51,27.03
2020-08-17,65,51.0,,0.51,33.15
2020-08-18,61,51.0,,0.51,31.11
2020-08-19,43,51.0,,0.51,21.93
2020-08-20,45,51.0,,0.51,22.95
2020-08-21,46,51.0,,0.51,23.46
2020-08-22,79,51.0,,0.51,40.29
2020-08-23,93,51.0,,0.51,47.43
2020-08-24,100,51.0,,0.51,51.0
2020-08-25,71,51.0,,0.51,36.21
2020-08-26,46,51.0,,0.51,23.46
2020-08-27,43,51.0,,0.51,21.93
2020-08-28,42,51.0,,0.51,21.42
2020-08-29,58,51.0,,0.51,29.580000000000002
2020-08-30,79,51.0,,0.51,40.29
2020-08-31,88,51.0,,0.51,44.88
2020-09-01,71,42.0,False,0.42,29.82
2020-09-02,50,42.0,,0.42,21.0
2020-09-03,45,42.0,,0.42,18.9
2020-09-04,45,42.0,,0.42,18.9
2020-09-05,69,42.0,,0.42,28.98
2020-09-06,54,42.0,,0.42,22.68
2020-09-07,55,42.0,,0.42,23.099999999999998
2020-09-08,63,42.0,,0.42,26.459999999999997
2020-09-09,50,42.0,,0.42,21.0
2020-09-10,45,42.0,,0.42,18.9
2020-09-11,44,42.0,,0.42,18.48
2020-09-12,65,42.0,,0.42,27.3
2020-09-13,52,42.0,,0.42,21.84
2020-09-14,44,42.0,,0.42,18.48
2020-09-15,60,42.0,,0.42,25.2
2020-09-16,44,42.0,,0.42,18.48
2020-09-17,45,42.0,,0.42,18.9
2020-09-18,52,42.0,,0.42,21.84
2020-09-19,72,42.0,,0.42,30.24
2020-09-20,55,42.0,,0.42,23.099999999999998
2020-09-21,44,42.0,,0.42,18.48
2020-09-22,64,42.0,,0.42,26.88
2020-09-23,60,42.0,,0.42,25.2
2020-09-24,52,42.0,,0.42,21.84
2020-09-25,49,42.0,,0.42,20.58
2020-09-26,65,42.0,,0.42,27.3
2020-09-27,75,42.0,,0.42,31.5
2020-09-28,100,42.0,,0.42,42.0
2020-09-29,66,42.0,,0.42,27.72
2020-09-30,46,42.0,,0.42,19.32
2020-10-01,39,43.0,False,0.43,16.77
2020-10-02,40,43.0,,0.43,17.2
2020-10-03,56,43.0,,0.43,24.08
2020-10-04,50,43.0,,0.43,21.5
2020-10-05,49,43.0,,0.43,21.07
2020-10-06,54,43.0,,0.43,23.22
2020-10-07,40,43.0,,0.43,17.2
2020-10-08,41,43.0,,0.43,17.63
2020-10-09,46,43.0,,0.43,19.78
2020-10-10,76,43.0,,0.43,32.68
2020-10-11,52,43.0,,0.43,22.36
2020-10-12,47,43.0,,0.43,20.21
2020-10-13,74,43.0,,0.43,31.82
2020-10-14,43,43.0,,0.43,18.49
2020-10-15,41,43.0,,0.43,17.63
2020-10-16,43,43.0,,0.43,18.49
2020-10-17,59,43.0,,0.43,25.37
2020-10-18,50,43.0,,0.43,21.5
2020-10-19,45,43.0,,0.43,19.35
2020-10-20,62,43.0,,0.43,26.66
2020-10-21,43,43.0,,0.43,18.49
2020-10-22,42,43.0,,0.43,18.06
2020-10-23,41,43.0,,0.43,17.63
2020-10-24,57,43.0,,0.43,24.509999999999998
2020-10-25,72,43.0,,0.43,30.96
2020-10-26,100,43.0,,0.43,43.0
2020-10-27,67,43.0,,0.43,28.81
2020-10-28,44,43.0,,0.43,18.919999999999998
2020-10-29,45,43.0,,0.43,19.35
2020-10-30,45,43.0,,0.43,19.35
2020-10-31,62,43.0,,0.43,26.66
2020-11-01,41,42.0,False,0.42,17.22
2020-11-02,38,42.0,,0.42,15.959999999999999
2020-11-03,45,42.0,,0.42,18.9
2020-11-04,21,42.0,,0.42,8.82
2020-11-05,28,42.0,,0.42,11.76
2020-11-06,30,42.0,,0.42,12.6
2020-11-07,41,42.0,,0.42,17.22
2020-11-08,36,42.0,,0.42,15.12
2020-11-09,35,42.0,,0.42,14.7
2020-11-10,44,42.0,,0.42,18.48
2020-11-11,37,42.0,,0.42,15.54
2020-11-12,33,42.0,,0.42,13.86
2020-11-13,34,42.0,,0.42,14.28
2020-11-14,94,42.0,,0.42,39.48
2020-11-15,45,42.0,,0.42,18.9
2020-11-16,39,42.0,,0.42,16.38
2020-11-17,55,42.0,,0.42,23.099999999999998
2020-11-18,41,42.0,,0.42,17.22
2020-11-19,39,42.0,,0.42,16.38
2020-11-20,40,42.0,,0.42,16.8
2020-11-21,53,42.0,,0.42,22.259999999999998
2020-11-22,68,42.0,,0.42,28.56
2020-11-23,100,42.0,,0.42,42.0
2020-11-24,61,42.0,,0.42,25.619999999999997
2020-11-25,45,42.0,,0.42,18.9
2020-11-26,44,42.0,,0.42,18.48
2020-11-27,44,42.0,,0.42,18.48
2020-11-28,56,42.0,,0.42,23.52
2020-11-29,45,42.0,,0.42,18.9
2020-11-30,40,42.0,,0.42,16.8
2020-12-01,55,45.0,False,0.45,24.75
2020-12-02,48,45.0,,0.45,21.6
2020-12-03,44,45.0,,0.45,19.8
2020-12-04,40,45.0,,0.45,18.0
2020-12-05,56,45.0,,0.45,25.2
2020-12-06,53,45.0,,0.45,23.85
2020-12-07,52,45.0,,0.45,23.400000000000002
2020-12-08,54,45.0,,0.45,24.3
2020-12-09,40,45.0,,0.45,18.0
2020-12-10,42,45.0,,0.45,18.900000000000002
2020-12-11,46,45.0,,0.45,20.7
2020-12-12,60,45.0,,0.45,27.0
2020-12-13,48,45.0,,0.45,21.6
2020-12-14,43,45.0,,0.45,19.35
2020-12-15,51,45.0,,0.45,22.95
2020-12-16,40,45.0,,0.45,18.0
2020-12-17,39,45.0,,0.45,17.55
2020-12-18,41,45.0,,0.45,18.45
2020-12-19,53,45.0,,0.45,23.85
2020-12-20,60,45.0,,0.45,27.0
2020-12-21,100,45.0,,0.45,45.0
2020-12-22,57,45.0,,0.45,25.650000000000002
2020-12-23,44,45.0,,0.45,19.8
2020-12-24,43,45.0,,0.45,19.35
2020-12-25,43,45.0,,0.45,19.35
2020-12-26,57,45.0,,0.45,25.650000000000002
2020-12-27,77,45.0,,0.45,34.65
2020-12-28,48,45.0,,0.45,21.6
2020-12-29,60,45.0,,0.45,27.0
2020-12-30,44,45.0,,0.45,19.8
2020-12-31,43,45.0,,0.45,19.35
2021-01-01,43,40.0,False,0.4,17.2
2021-01-02,56,40.0,,0.4,22.400000000000002
2021-01-03,45,40.0,,0.4,18.0
2021-01-04,40,40.0,,0.4,16.0
2021-01-05,67,40.0,,0.4,26.8
2021-01-06,41,40.0,,0.4,16.400000000000002
2021-01-07,40,40.0,,0.4,16.0
2021-01-08,39,40.0,,0.4,15.600000000000001
2021-01-09,53,40.0,,0.4,21.200000000000003
2021-01-10,43,40.0,,0.4,17.2
2021-01-11,42,40.0,,0.4,16.8
2021-01-12,56,40.0,,0.4,22.400000000000002
2021-01-13,45,40.0,,0.4,18.0
2021-01-14,42,40.0,,0.4,16.8
2021-01-15,39,40.0,,0.4,15.600000000000001
2021-01-16,52,40.0,,0.4,20.8
2021-01-17,45,40.0,,0.4,18.0
2021-01-18,42,40.0,,0.4,16.8
2021-01-19,54,40.0,,0.4,21.6
2021-01-20,38,40.0,,0.4,15.200000000000001
2021-01-21,39,40.0,,0.4,15.600000000000001
2021-01-22,41,40.0,,0.4,16.400000000000002
2021-01-23,51,40.0,,0.4,20.400000000000002
2021-01-24,50,40.0,,0.4,20.0
2021-01-25,57,40.0,,0.4,22.8
2021-01-26,69,40.0,,0.4,27.6
2021-01-27,46,40.0,,0.4,18.400000000000002
2021-01-28,41,40.0,,0.4,16.400000000000002
2021-01-29,45,40.0,,0.4,18.0
2021-01-30,62,40.0,,0.4,24.8
2021-01-31,100,40.0,,0.4,40.0
2021-02-01,100,50.0,False,0.5,50.0
2021-02-02,36,50.0,,0.5,18.0
2021-02-03,24,50.0,,0.5,12.0
2021-02-04,22,50.0,,0.5,11.0
2021-02-05,23,50.0,,0.5,11.5
2021-02-06,34,50.0,,0.5,17.0
2021-02-07,24,50.0,,0.5,12.0
2021-02-08,22,50.0,,0.5,11.0
2021-02-09,28,50.0,,0.5,14.0
2021-02-10,22,50.0,,0.5,11.0
2021-02-11,21,50.0,,0.5,10.5
2021-02-12,19,50.0,,0.5,9.5
2021-02-13,26,50.0,,0.5,13.0
2021-02-14,24,50.0,,0.5,12.0
2021-02-15,27,50.0,,0.5,13.5
2021-02-16,28,50.0,,0.5,14.0
2021-02-17,21,50.0,,0.5,10.5
2021-02-18,20,50.0,,0.5,10.0
2021-02-19,20,50.0,,0.5,10.0
2021-02-20,28,50.0,,0.5,14.0
2021-02-21,35,50.0,,0.5,17.5
2021-02-22,51,50.0,,0.5,25.5
2021-02-23,31,50.0,,0.5,15.5
2021-02-24,21,50.0,,0.5,10.5
2021-02-25,22,50.0,,0.5,11.0
2021-02-26,19,50.0,,0.5,9.5
2021-02-27,25,50.0,,0.5,12.5
2021-02-28,23,50.0,,0.5,11.5
2021-03-01,44,43.0,False,0.43,18.919999999999998
2021-03-02,70,43.0,,0.43,30.099999999999998
2021-03-03,47,43.0,,0.43,20.21
2021-03-04,47,43.0,,0.43,20.21
2021-03-05,43,43.0,,0.43,18.49
2021-03-06,60,43.0,,0.43,25.8
2021-03-07,51,43.0,,0.43,21.93
2021-03-08,47,43.0,,0.43,20.21
2021-03-09,59,43.0,,0.43,25.37
2021-03-10,41,43.0,,0.43,17.63
2021-03-11,43,43.0,,0.43,18.49
2021-03-12,44,43.0,,0.43,18.919999999999998
2021-03-13,56,43.0,,0.43,24.08
2021-03-14,49,43.0,,0.43,21.07
2021-03-15,43,43.0,,0.43,18.49
2021-03-16,56,43.0,,0.43,24.08
2021-03-17,43,43.0,,0.43,18.49
2021-03-18,46,43.0,,0.43,19.78
2021-03-19,43,43.0,,0.43,18.49
2021-03-20,54,43.0,,0.43,23.22
2021-03-21,83,43.0,,0.43,35.69
2021-03-22,100,43.0,,0.43,43.0
2021-03-23,62,43.0,,0.43,26.66
2021-03-24,48,43.0,,0.43,20.64
2021-03-25,47,43.0,,0.43,20.21
2021-03-26,44,43.0,,0.43,18.919999999999998
2021-03-27,56,43.0,,0.43,24.08
2021-03-28,51,43.0,,0.43,21.93
2021-03-29,48,43.0,,0.43,20.64
2021-03-30,58,43.0,,0.43,24.94
2021-03-31,48,43.0,,0.43,20.64
2021-04-01,30,51.0,False,0.51,15.3
2021-04-02,29,51.0,,0.51,14.790000000000001
2021-04-03,36,51.0,,0.51,18.36
2021-04-04,34,51.0,,0.51,17.34
2021-04-05,32,51.0,,0.51,16.32
2021-04-06,40,51.0,,0.51,20.4
2021-04-07,39,51.0,,0.51,19.89
2021-04-08,35,51.0,,0.51,17.85
2021-04-09,33,51.0,,0.51,16.830000000000002
2021-04-10,55,51.0,,0.51,28.05
2021-04-11,100,51.0,,0.51,51.0
2021-04-12,82,51.0,,0.51,41.82
2021-04-13,50,51.0,,0.51,25.5
2021-04-14,30,51.0,,0.51,15.3
2021-04-15,39,51.0,,0.51,19.89
2021-04-16,39,51.0,,0.51,19.89
2021-04-17,41,51.0,,0.51,20.91
2021-04-18,32,51.0,,0.51,16.32
2021-04-19,32,51.0,,0.51,16.32
2021-04-20,38,51.0,,0.51,19.38
2021-04-21,29,51.0,,0.51,14.790000000000001
2021-04-22,30,51.0,,0.51,15.3
2021-04-23,30,51.0,,0.51,15.3
2021-04-24,33,51.0,,0.51,16.830000000000002
2021-04-25,40,51.0,,0.51,20.4
2021-04-26,32,51.0,,0.51,16.32
2021-04-27,34,51.0,,0.51,17.34
2021-04-28,27,51.0,,0.51,13.77
2021-04-29,24,51.0,,0.51,12.24
2021-04-30,23,51.0,,0.51,11.73
2021-05-01,55,40.0,False,0.4,22.0
2021-05-02,52,40.0,,0.4,20.8
2021-05-03,49,40.0,,0.4,19.6
2021-05-04,56,40.0,,0.4,22.400000000000002
2021-05-05,46,40.0,,0.4,18.400000000000002
2021-05-06,43,40.0,,0.4,17.2
2021-05-07,41,40.0,,0.4,16.400000000000002
2021-05-08,58,40.0,,0.4,23.200000000000003
2021-05-09,52,40.0,,0.4,20.8
2021-05-10,49,40.0,,0.4,19.6
2021-05-11,57,40.0,,0.4,22.8
2021-05-12,41,40.0,,0.4,16.400000000000002
2021-05-13,44,40.0,,0.4,17.6
2021-05-14,42,40.0,,0.4,16.8
2021-05-15,60,40.0,,0.4,24.0
2021-05-16,72,40.0,,0.4,28.8
2021-05-17,100,40.0,,0.4,40.0
2021-05-18,61,40.0,,0.4,24.400000000000002
2021-05-19,45,40.0,,0.4,18.0
2021-05-20,45,40.0,,0.4,18.0
2021-05-21,43,40.0,,0.4,17.2
2021-05-22,60,40.0,,0.4,24.0
2021-05-23,48,40.0,,0.4,19.200000000000003
2021-05-24,48,40.0,,0.4,19.200000000000003
2021-05-25,61,40.0,,0.4,24.400000000000002
2021-05-26,47,40.0,,0.4,18.8
2021-05-27,43,40.0,,0.4,17.2
2021-05-28,45,40.0,,0.4,18.0
2021-05-29,61,40.0,,0.4,24.400000000000002
2021-05-30,53,40.0,,0.4,21.200000000000003
2021-05-31,55,40.0,,0.4,22.0
2021-06-01,58,44.0,False,0.44,25.52
2021-06-02,84,44.0,,0.44,36.96
2021-06-03,71,44.0,,0.44,31.24
2021-06-04,59,44.0,,0.44,25.96
2021-06-05,75,44.0,,0.44,33.0
2021-06-06,60,44.0,,0.44,26.4
2021-06-07,56,44.0,,0.44,24.64
2021-06-08,58,44.0,,0.44,25.52
2021-06-09,52,44.0,,0.44,22.88
2021-06-10,49,44.0,,0.44,21.56
2021-06-11,46,44.0,,0.44,20.24
2021-06-12,63,44.0,,0.44,27.72
2021-06-13,57,44.0,,0.44,25.080000000000002
2021-06-14,57,44.0,,0.44,25.080000000000002
2021-06-15,64,44.0,,0.44,28.16
2021-06-16,53,44.0,,0.44,23.32
2021-06-17,53,44.0,,0.44,23.32
2021-06-18,56,44.0,,0.44,24.64
2021-06-19,63,44.0,,0.44,27.72
2021-06-20,73,44.0,,0.44,32.12
2021-06-21,100,44.0,,0.44,44.0
2021-06-22,68,44.0,,0.44,29.92
2021-06-23,50,44.0,,0.44,22.0
2021-06-24,45,44.0,,0.44,19.8
2021-06-25,61,44.0,,0.44,26.84
2021-06-26,76,44.0,,0.44,33.44
2021-06-27,60,44.0,,0.44,26.4
2021-06-28,50,44.0,,0.44,22.0
2021-06-29,67,44.0,,0.44,29.48
2021-06-30,49,44.0,,0.44,21.56
2021-07-01,32,46.0,False,0.46,14.72
2021-07-02,34,46.0,,0.46,15.64
2021-07-03,45,46.0,,0.46,20.7
2021-07-04,35,46.0,,0.46,16.1
2021-07-05,35,46.0,,0.46,16.1
2021-07-06,44,46.0,,0.46,20.240000000000002
2021-07-07,37,46.0,,0.46,17.02
2021-07-08,35,46.0,,0.46,16.1
2021-07-09,34,46.0,,0.46,15.64
2021-07-10,49,46.0,,0.46,22.540000000000003
2021-07-11,41,46.0,,0.46,18.86
2021-07-12,38,46.0,,0.46,17.48
2021-07-13,50,46.0,,0.46,23.0
2021-07-14,37,46.0,,0.46,17.02
2021-07-15,35,46.0,,0.46,16.1
2021-07-16,35,46.0,,0.46,16.1
2021-07-17,54,46.0,,0.46,24.84
2021-07-18,56,46.0,,0.46,25.76
2021-07-19,100,46.0,,0.46,46.0
2021-07-20,63,46.0,,0.46,28.98
2021-07-21,39,46.0,,0.46,17.94
2021-07-22,39,46.0,,0.46,17.94
2021-07-23,39,46.0,,0.46,17.94
2021-07-24,53,46.0,,0.46,24.380000000000003
2021-07-25,42,46.0,,0.46,19.32
2021-07-26,37,46.0,,0.46,17.02
2021-07-27,53,46.0,,0.46,24.380000000000003
2021-07-28,40,46.0,,0.46,18.400000000000002
2021-07-29,32,46.0,,0.46,14.72
2021-07-30,30,46.0,,0.46,13.8
2021-07-31,51,46.0,,0.46,23.46
2021-08-01,34,47.0,False,0.47,15.979999999999999
2021-08-02,30,47.0,,0.47,14.1
2021-08-03,40,47.0,,0.47,18.799999999999997
2021-08-04,28,47.0,,0.47,13.16
2021-08-05,25,47.0,,0.47,11.75
2021-08-06,26,47.0,,0.47,12.219999999999999
2021-08-07,39,47.0,,0.47,18.33
2021-08-08,29,47.0,,0.47,13.629999999999999
2021-08-09,27,47.0,,0.47,12.69
2021-08-10,35,47.0,,0.47,16.45
2021-08-11,26,47.0,,0.47,12.219999999999999
2021-08-12,22,47.0,,0.47,10.34
2021-08-13,23,47.0,,0.47,10.809999999999999
2021-08-14,34,47.0,,0.47,15.979999999999999
2021-08-15,28,47.0,,0.47,13.16
2021-08-16,26,47.0,,0.47,12.219999999999999
2021-08-17,35,47.0,,0.47,16.45
2021-08-18,26,47.0,,0.47,12.219999999999999
2021-08-19,28,47.0,,0.47,13.16
2021-08-20,27,47.0,,0.47,12.69
2021-08-21,57,47.0,,0.47,26.79
2021-08-22,100,47.0,,0.47,47.0
2021-08-23,43,47.0,,0.47,20.209999999999997
2021-08-24,36,47.0,,0.47,16.919999999999998
2021-08-25,28,47.0,,0.47,13.16
2021-08-26,25,47.0,,0.47,11.75
2021-08-27,25,47.0,,0.47,11.75
2021-08-28,34,47.0,,0.47,15.979999999999999
2021-08-29,25,47.0,,0.47,11.75
2021-08-30,25,47.0,,0.47,11.75
2021-08-31,31,47.0,,0.47,14.569999999999999
2021-09-01,45,40.0,False,0.4,18.0
2021-09-02,43,40.0,,0.4,17.2
2021-09-03,41,40.0,,0.4,16.400000000000002
2021-09-04,58,40.0,,0.4,23.200000000000003
2021-09-05,49,40.0,,0.4,19.6
2021-09-06,64,40.0,,0.4,25.6
2021-09-07,58,40.0,,0.4,23.200000000000003
2021-09-08,45,40.0,,0.4,18.0
2021-09-09,45,40.0,,0.4,18.0
2021-09-10,41,40.0,,0.4,16.400000000000002
2021-09-11,66,40.0,,0.4,26.400000000000002
2021-09-12,47,40.0,,0.4,18.8
2021-09-13,41,40.0,,0.4,16.400000000000002
2021-09-14,73,40.0,,0.4,29.200000000000003
2021-09-15,52,40.0,,0.4,20.8
2021-09-16,41,40.0,,0.4,16.400000000000002
2021-09-17,45,40.0,,0.4,18.0
2021-09-18,61,40.0,,0.4,24.400000000000002
2021-09-19,50,40.0,,0.4,20.0
2021-09-20,42,40.0,,0.4,16.8
2021-09-21,58,40.0,,0.4,23.200000000000003
2021-09-22,48,40.0,,0.4,19.200000000000003
2021-09-23,42,40.0,,0.4,16.8
2021-09-24,42,40.0,,0.4,16.8
2021-09-25,60,40.0,,0.4,24.0
2021-09-26,68,40.0,,0.4,27.200000000000003
2021-09-27,100,40.0,,0.4,40.0
2021-09-28,63,40.0,,0.4,25.200000000000003
2021-09-29,47,40.0,,0.4,18.8
2021-09-30,36,40.0,,0.4,14.4
2021-10-01,50,37.0,False,0.37,18.5
2021-10-02,88,37.0,,0.37,32.56
2021-10-03,53,37.0,,0.37,19.61
2021-10-04,46,37.0,,0.37,17.02
2021-10-05,84,37.0,,0.37,31.08
2021-10-06,49,37.0,,0.37,18.13
2021-10-07,42,37.0,,0.37,15.54
2021-10-08,44,37.0,,0.37,16.28
2021-10-09,65,37.0,,0.37,24.05
2021-10-10,53,37.0,,0.37,19.61
2021-10-11,44,37.0,,0.37,16.28
2021-10-12,59,37.0,,0.37,21.83
2021-10-13,42,37.0,,0.37,15.54
2021-10-14,45,37.0,,0.37,16.65
2021-10-15,46,37.0,,0.37,17.02
2021-10-16,69,37.0,,0.37,25.53
2021-10-17,52,37.0,,0.37,19.24
2021-10-18,45,37.0,,0.37,16.65
2021-10-19,61,37.0,,0.37,22.57
2021-10-20,46,37.0,,0.37,17.02
2021-10-21,100,37.0,,0.37,37.0
2021-10-22,67,37.0,,0.37,24.79
2021-10-23,66,37.0,,0.37,24.419999999999998
2021-10-24,53,37.0,,0.37,19.61
2021-10-25,43,37.0,,0.37,15.91
2021-10-26,62,37.0,,0.37,22.94
2021-10-27,51,37.0,,0.37,18.87
2021-10-28,41,37.0,,0.37,15.17
2021-10-29,49,37.0,,0.37,18.13
2021-10-30,61,37.0,,0.37,22.57
2021-10-31,47,37.0,,0.37,17.39
2021-11-01,35,40.0,False,0.4,14.0
2021-11-02,50,40.0,,0.4,20.0
2021-11-03,36,40.0,,0.4,14.4
2021-11-04,47,40.0,,0.4,18.8
2021-11-05,73,40.0,,0.4,29.200000000000003
2021-11-06,60,40.0,,0.4,24.0
2021-11-07,46,40.0,,0.4,18.400000000000002
2021-11-08,42,40.0,,0.4,16.8
2021-11-09,48,40.0,,0.4,19.200000000000003
2021-11-10,39,40.0,,0.4,15.600000000000001
2021-11-11,38,40.0,,0.4,15.200000000000001
2021-11-12,36,40.0,,0.4,14.4
2021-11-13,57,40.0,,0.4,22.8
2021-11-14,50,40.0,,0.4,20.0
2021-11-15,40,40.0,,0.4,16.0
2021-11-16,47,40.0,,0.4,18.8
2021-11-17,37,40.0,,0.4,14.8
2021-11-18,40,40.0,,0.4,16.0
2021-11-19,59,40.0,,0.4,23.6
2021-11-20,59,40.0,,0.4,23.6
2021-11-21,63,40.0,,0.4,25.200000000000003
2021-11-22,100,40.0,,0.4,40.0
2021-11-23,66,40.0,,0.4,26.400000000000002
2021-11-24,50,40.0,,0.4,20.0
2021-11-25,48,40.0,,0.4,19.200000000000003
2021-11-26,44,40.0,,0.4,17.6
2021-11-27,58,40.0,,0.4,23.200000000000003
2021-11-28,43,40.0,,0.4,17.2
2021-11-29,38,40.0,,0.4,15.200000000000001
2021-11-30,49,40.0,,0.4,19.6
2021-12-01,57,36.0,False,0.36,20.52
2021-12-02,60,36.0,,0.36,21.599999999999998
2021-12-03,65,36.0,,0.36,23.4
2021-12-04,90,36.0,,0.36,32.4
2021-12-05,73,36.0,,0.36,26.279999999999998
2021-12-06,77,36.0,,0.36,27.72
2021-12-07,77,36.0,,0.36,27.72
2021-12-08,72,36.0,,0.36,25.919999999999998
2021-12-09,72,36.0,,0.36,25.919999999999998
2021-12-10,59,36.0,,0.36,21.24
2021-12-11,100,36.0,,0.36,36.0
2021-12-12,82,36.0,,0.36,29.52
2021-12-13,65,36.0,,0.36,23.4
2021-12-14,87,36.0,,0.36,31.32
2021-12-15,63,36.0,,0.36,22.68
2021-12-16,60,36.0,,0.36,21.599999999999998
2021-12-17,61,36.0,,0.36,21.96
2021-12-18,89,36.0,,0.36,32.04
2021-12-19,68,36.0,,0.36,24.48
2021-12-20,63,36.0,,0.36,22.68
2021-12-21,88,36.0,,0.36,31.68
2021-12-22,65,36.0,,0.36,23.4
2021-12-23,62,36.0,,0.36,22.32
2021-12-24,65,36.0,,0.36,23.4
2021-12-25,96,36.0,,0.36,34.56
2021-12-26,70,36.0,,0.36,25.2
2021-12-27,73,36.0,,0.36,26.279999999999998
2021-12-28,95,36.0,,0.36,34.199999999999996
2021-12-29,78,36.0,,0.36,28.08
2021-12-30,72,36.0,,0.36,25.919999999999998
2021-12-31,70,36.0,,0.36,25.2
